id;step;volume;A_0;B_0;C;L;p;Aext;Bext;Compl;A_uscita;A_ingresso;B_uscita;B_ingresso
1-0;0;4.18816e-15;4374;335;73;10000;1;1025;996;27;1975;318;79;296
3-0;0;4.18816e-15;4327;321;81;10000;1;1026;996;19;1994;319;83;326
2-0;0;4.18816e-15;4346;343;77;10000;1;1025;996;23;1963;352;87;328
0-0;0;4.18816e-15;4336;324;81;10000;1;1026;995;20;2033;334;75;351
1-0;1;4.12517e-15;234;212;0;9899;1;1020;991;27;51;337;46;303
3-0;1;3.57295e-15;293;254;0;8999;1;1021;991;19;48;325;36;343
0-0;1;4.18816e-15;238;259;0;9999;1;1021;990;20;52;353;45;308
2-0;1;4.18816e-15;249;235;0;9999;1;1020;991;23;53;327;44;313
1-0;2;4.12517e-15;377;354;2;9899;1;1015;987;26;94;351;97;308
0-0;2;4.18816e-15;371;407;0;9999;1;1017;986;20;92;338;118;311
3-0;2;3.57295e-15;384;376;0;8999;1;1017;987;19;107;342;101;327
2-0;2;4.18816e-15;391;362;0;9999;1;1015;987;23;113;377;100;303
2-0;3;4.18816e-15;464;428;2;9999;1;1011;983;22;167;364;120;333
1-0;3;4.12517e-15;430;414;6;9899;1;1011;984;24;134;357;136;306
3-0;3;3.57295e-15;483;424;0;8999;1;1014;983;19;130;320;138;338
0-0;3;4.18816e-15;421;415;0;9999;1;1013;983;20;135;346;145;307
2-0;4;4.18816e-15;476;428;4;9999;1;1008;979;21;146;313;129;322
0-0;4;4.18816e-15;470;458;0;9999;1;1009;979;20;147;360;145;339
1-0;4;4.12517e-15;486;475;8;9899;1;1008;980;23;138;327;141;360
3-0;4;3.57295e-15;479;446;0;8999;1;1011;980;19;164;318;141;324
0-0;5;4.18816e-15;491;471;2;9999;1;1007;976;19;167;283;145;329
1-0;5;4.12517e-15;487;466;8;9899;1;1005;978;23;168;347;171;286
3-0;5;3.57295e-15;509;463;0;8999;1;1007;977;19;152;347;152;320
2-0;5;4.18816e-15;498;461;4;9999;1;1005;975;21;146;328;147;346
1-0;6;4.12517e-15;492;496;12;9899;1;1002;975;21;161;351;156;337
0-0;6;4.18816e-15;501;466;2;9999;1;1003;973;19;151;359;163;294
3-0;6;3.57295e-15;514;453;0;8999;1;1005;974;19;174;300;143;310
2-0;6;4.18816e-15;503;474;4;9999;1;1002;972;21;157;313;156;338
1-0;7;4.12517e-15;510;515;16;9899;1;999;972;19;171;334;144;331
3-0;7;3.57295e-15;546;473;2;8999;1;1002;971;18;166;330;157;320
2-0;7;4.18816e-15;508;500;8;10000;1;998;968;19;178;372;148;352
0-0;7;4.18816e-15;503;465;2;9999;1;1000;970;19;180;333;181;340
3-0;8;3.57295e-15;523;510;2;8999;1;999;968;18;190;347;134;314
1-0;8;4.12517e-15;495;505;18;9899;1;996;969;18;184;340;173;322
2-0;8;4.18879e-15;498;477;10;10000;1;995;965;18;183;328;184;318
0-0;8;4.18816e-15;474;466;4;9999;1;997;967;18;187;360;163;298
2-0;9;4.18816e-15;461;530;10;10000;1;992;962;18;169;323;159;312
3-0;9;3.57295e-15;554;483;6;8999;1;995;966;16;150;356;184;298
0-0;9;4.18816e-15;478;475;8;9999;1;994;964;16;160;346;164;323
1-0;9;4.12517e-15;514;513;19;9899;1;993;966;18;165;297;153;325
1-0;10;4.12517e-15;545;480;19;9899;1;990;962;18;165;309;142;358
0-0;10;4.18816e-15;468;461;10;9999;1;991;961;15;157;325;151;316
2-0;10;4.18879e-15;493;483;12;10000;1;989;959;17;168;321;163;337
3-0;10;3.57295e-15;510;468;6;8999;1;992;963;16;194;355;158;329
2-0;11;4.18816e-15;498;457;12;10000;1;986;956;17;153;318;163;313
0-0;11;4.18816e-15;477;496;10;9999;1;988;958;15;172;327;157;325
3-0;11;3.57295e-15;516;460;9;8999;1;989;961;15;169;342;164;292
1-0;11;4.12517e-15;516;500;18;9899;1;988;959;19;193;302;144;311
1-0;12;4.12517e-15;526;470;22;9899;1;985;956;17;158;334;170;361
2-0;12;4.18879e-15;514;478;12;10000;1;983;953;17;183;345;159;329
0-0;12;4.18816e-15;477;489;10;9999;1;985;955;16;156;329;147;336
3-0;12;3.57295e-15;482;456;11;8999;1;986;958;14;164;313;154;295
1-0;13;4.12517e-15;489;490;26;9899;1;982;953;15;163;327;148;297
3-0;13;3.57295e-15;474;450;11;8999;1;983;954;14;178;312;140;360
2-0;13;4.18816e-15;461;455;15;10000;1;980;950;16;174;320;173;319
0-0;13;4.18816e-15;478;502;10;9999;1;982;952;16;170;335;167;342
2-0;14;4.18879e-15;482;425;17;10000;1;977;947;15;152;321;151;324
3-0;14;3.57295e-15;471;473;13;8999;1;980;951;13;154;313;151;319
1-0;14;4.12517e-15;488;449;26;9899;1;979;950;15;160;301;187;326
0-0;14;4.18816e-15;516;515;12;9999;1;979;949;15;172;340;158;320
0-0;15;4.18816e-15;475;517;12;9999;1;977;946;15;197;318;170;334
2-0;15;4.18816e-15;506;439;15;10000;1;974;944;17;155;294;143;290
1-0;15;4.12517e-15;502;466;26;9900;1;976;947;15;135;315;159;324
3-0;15;3.57295e-15;490;501;13;9000;1;977;948;13;141;327;153;307
1-0;16;4.1258e-15;499;445;30;9901;1;973;944;13;167;300;166;327
2-0;16;4.18879e-15;484;473;17;10001;1;971;941;16;154;328;146;301
3-0;16;3.57354e-15;463;456;13;9000;1;974;945;13;180;326;150;293
0-0;16;4.18816e-15;473;471;11;9999;1;974;943;16;154;303;177;349
3-0;17;3.57354e-15;421;496;15;9000;1;970;942;12;160;357;147;331
0-0;17;4.18816e-15;487;470;11;9999;1;971;940;16;155;341;158;322
1-0;17;4.12643e-15;520;461;30;9901;1;970;941;13;166;324;155;295
2-0;17;4.18942e-15;457;509;20;10001;1;968;937;15;145;324;130;328
3-0;18;3.57354e-15;469;490;17;9000;1;966;939;11;123;328;161;324
0-0;18;4.18816e-15;487;460;11;9999;1;967;937;16;163;358;148;315
1-0;18;4.12643e-15;516;471;30;9902;1;967;938;13;162;332;169;328
2-0;18;4.18942e-15;448;480;20;10001;1;965;934;15;159;332;168;309
3-0;19;3.57354e-15;456;444;21;9000;1;964;936;9;159;268;172;361
2-0;19;4.18942e-15;441;498;20;10001;1;962;931;15;139;296;146;316
1-0;19;4.12706e-15;475;452;32;9902;1;964;935;12;193;333;149;311
0-0;19;4.18816e-15;468;462;11;9999;1;964;934;16;178;335;161;312
0-0;20;4.18816e-15;442;466;12;9999;1;961;931;16;166;309;143;301
1-0;20;4.12706e-15;468;475;34;9902;1;961;932;11;151;295;147;311
3-0;20;3.57354e-15;457;463;21;9000;1;961;933;9;168;333;148;301
2-0;20;4.18942e-15;426;473;21;10002;1;959;928;15;146;311;159;340
1-0;21;4.12706e-15;466;477;34;9902;1;958;929;12;152;325;153;307
2-0;21;4.19005e-15;461;463;25;10002;1;955;925;13;140;342;147;330
0-0;21;4.18816e-15;432;454;11;10000;1;958;928;17;171;319;155;301
3-0;21;3.57354e-15;453;465;21;9000;1;958;931;9;165;313;162;259
0-0;22;4.18879e-15;472;446;11;10000;1;955;925;17;139;297;153;307
3-0;22;3.57354e-15;461;429;21;9000;1;955;928;9;167;327;152;305
1-0;22;4.12706e-15;475;489;34;9902;1;955;926;13;162;295;151;341
2-0;22;4.19005e-15;493;466;29;10002;1;952;922;11;149;328;140;306
1-0;23;4.12706e-15;479;450;33;9902;1;952;924;14;145;320;178;306
0-0;23;4.18816e-15;495;434;13;10000;1;953;922;16;147;265;173;326
2-0;23;4.19005e-15;505;448;29;10002;1;949;919;11;156;327;167;318
3-0;23;3.57354e-15;468;484;22;9000;1;952;925;9;152;298;133;299
1-0;24;4.12706e-15;506;466;34;9902;1;949;921;14;162;334;154;293
3-0;24;3.57354e-15;471;519;20;9000;1;949;922;11;165;338;149;309
0-0;24;4.18879e-15;513;482;15;10000;1;950;919;15;132;306;147;296
2-0;24;4.19005e-15;465;460;29;10003;1;946;917;11;172;332;165;293
2-0;25;4.19068e-15;463;450;27;10004;1;944;914;13;156;275;161;300
3-0;25;3.57354e-15;468;502;19;9000;1;946;919;12;146;328;172;301
1-0;25;4.12706e-15;488;460;33;9902;1;946;918;15;157;304;160;324
0-0;25;4.18816e-15;491;468;15;10000;1;947;916;15;160;348;156;331
2-0;26;4.19131e-15;464;414;28;10004;1;941;911;13;154;318;150;296
1-0;26;4.12706e-15;497;463;35;9903;1;943;915;15;157;313;153;293
0-0;26;4.18879e-15;489;447;16;10000;1;944;913;15;144;327;145;303
3-0;26;3.57354e-15;466;453;21;9000;1;942;916;11;143;345;181;340
1-0;27;4.12769e-15;453;453;34;9903;1;940;912;16;143;295;159;308
2-0;27;4.19131e-15;447;410;29;10004;1;938;908;13;151;310;153;315
0-0;27;4.18816e-15;472;466;16;10000;1;942;910;15;167;291;148;326
3-0;27;3.57354e-15;464;459;21;9000;1;939;913;11;146;324;156;311
1-0;28;4.12769e-15;479;431;34;9903;1;938;909;16;183;287;155;306
0-0;28;4.18879e-15;474;466;20;10000;1;939;907;13;153;309;169;298
3-0;28;3.57354e-15;490;395;21;9000;1;936;910;11;152;293;151;327
2-0;28;4.19131e-15;452;488;29;10004;1;935;905;13;168;298;136;302
2-0;29;4.19131e-15;442;483;29;10005;1;932;903;13;172;316;162;278
1-0;29;4.12769e-15;489;456;34;9903;1;935;906;16;151;297;151;306
0-0;29;4.18816e-15;480;461;23;10000;1;936;904;12;157;305;156;309
3-0;29;3.57354e-15;481;414;23;9000;1;933;907;10;166;309;139;311
3-0;30;3.57354e-15;462;456;23;9000;1;930;904;10;154;285;131;302
0-0;30;4.18879e-15;486;458;27;10000;1;933;901;10;153;334;146;312
2-0;30;4.19195e-15;471;502;33;10005;1;929;900;11;159;297;144;297
1-0;30;4.12769e-15;464;445;37;9903;1;932;903;15;150;331;155;291
0-0;31;4.18816e-15;487;472;27;10000;1;931;898;10;183;288;134;306
1-0;31;4.12769e-15;462;446;38;9903;1;929;900;15;151;301;142;305
2-0;31;4.19195e-15;479;477;33;10005;1;926;898;11;133;292;170;287
3-0;31;3.57354e-15;471;428;23;9000;1;927;901;10;163;310;176;309
2-0;32;4.19195e-15;474;463;35;10005;1;923;895;10;166;302;159;298
1-0;32;4.12769e-15;445;436;37;9903;1;926;897;16;131;311;165;303
3-0;32;3.57354e-15;472;459;23;9000;1;924;898;11;146;305;132;307
0-0;32;4.18879e-15;437;457;29;10000;1;928;895;9;158;303;155;318
1-0;33;4.12769e-15;443;431;39;9903;1;923;894;15;150;315;150;287
2-0;33;4.19195e-15;462;477;35;10006;1;920;892;10;153;286;152;316
0-0;33;4.18816e-15;452;456;29;10000;1;925;892;10;151;315;160;301
3-0;33;3.57354e-15;484;447;25;9000;1;921;895;11;161;314;156;318
1-0;34;4.12769e-15;477;441;38;9903;1;920;891;16;148;287;134;286
0-0;34;4.18879e-15;479;475;28;10000;1;922;889;11;152;313;140;310
3-0;34;3.57354e-15;466;449;25;9000;1;918;892;11;166;335;144;281
2-0;34;4.19258e-15;459;447;37;10006;1;917;889;9;160;296;155;286
1-0;35;4.12769e-15;468;438;43;9904;1;917;888;14;161;315;146;308
0-0;35;4.18816e-15;461;460;28;10000;1;919;887;11;159;304;163;267
3-0;35;3.57354e-15;463;449;23;9000;1;915;889;13;160;328;148;282
2-0;35;4.19258e-15;413;478;34;10006;1;914;887;12;157;299;153;281
1-0;36;4.12831e-15;480;450;42;9904;1;914;886;15;152;298;142;264
0-0;36;4.18879e-15;466;435;29;10000;1;916;884;11;150;308;158;318
2-0;36;4.19258e-15;428;457;40;10006;1;910;885;9;138;335;160;287
3-0;36;3.57354e-15;445;451;29;9000;1;912;887;10;173;319;148;276
3-0;37;3.57354e-15;447;423;30;9002;1;910;884;10;170;278;147;288
2-0;37;4.19258e-15;463;419;41;10006;1;907;881;9;141;284;142;346
1-0;37;4.12831e-15;477;435;44;9904;1;912;884;14;174;294;159;279
0-0;37;4.18816e-15;479;441;28;10000;1;913;881;12;139;319;138;281
2-0;38;4.19258e-15;445;443;42;10006;1;904;878;9;146;302;142;310
1-0;38;4.12831e-15;455;430;46;9904;1;909;881;13;157;330;152;282
3-0;38;3.57474e-15;502;429;29;9003;1;907;881;11;139;328;154;284
0-0;38;4.18879e-15;462;437;29;10000;1;911;878;12;172;295;131;265
2-0;39;4.19258e-15;444;420;41;10007;1;901;875;10;152;301;157;294
0-0;39;4.18816e-15;463;417;28;10000;1;908;875;13;166;306;137;311
1-0;39;4.12831e-15;447;436;43;9904;1;906;878;16;142;287;140;303
3-0;39;3.57534e-15;468;454;28;9003;1;904;878;13;166;327;141;308
3-0;40;3.57534e-15;437;460;29;9003;1;902;875;13;156;276;140;277
0-0;40;4.18879e-15;485;398;26;10000;1;905;872;15;157;319;145;295
1-0;40;4.12831e-15;450;433;42;9904;1;903;876;17;148;321;143;256
2-0;40;4.19321e-15;467;423;40;10007;1;898;872;11;140;303;137;277
1-0;41;4.12831e-15;424;407;42;9904;1;900;873;17;145;296;154;294
0-0;41;4.18816e-15;482;419;25;10000;1;902;869;16;159;290;115;284
3-0;41;3.57534e-15;455;463;29;9003;1;899;873;13;123;290;151;276
2-0;41;4.19321e-15;453;437;42;10007;1;895;869;10;157;298;143;296
1-0;42;4.12831e-15;427;435;44;9905;1;897;870;16;146;294;132;274
2-0;42;4.19321e-15;467;452;41;10007;1;892;866;11;133;291;146;283
0-0;42;4.18879e-15;469;445;25;10001;1;899;866;16;132;323;153;318
3-0;42;3.57534e-15;456;456;29;9003;1;895;870;13;150;347;160;293
0-0;43;4.18942e-15;472;435;25;10001;1;896;863;16;144;286;153;294
3-0;43;3.57534e-15;467;467;29;9003;1;892;867;13;149;305;146;291
2-0;43;4.19321e-15;499;430;40;10007;1;890;863;12;159;274;158;289
1-0;43;4.12894e-15;414;405;42;9905;1;894;868;18;180;313;155;280
3-0;44;3.57534e-15;496;449;29;9005;1;889;864;13;152;319;163;321
0-0;44;4.18942e-15;418;400;28;10001;1;894;861;15;176;298;169;285
1-0;44;4.12894e-15;431;410;43;9905;1;891;865;18;148;283;142;277
2-0;44;4.19321e-15;457;411;39;10007;1;887;860;13;156;294;138;299
2-0;45;4.19321e-15;457;425;39;10007;1;884;857;13;159;300;148;284
3-0;45;3.57654e-15;481;433;33;9005;1;886;861;11;138;298;148;277
0-0;45;4.18942e-15;427;448;31;10001;1;892;858;14;151;268;141;280
1-0;45;4.12894e-15;436;428;45;9905;1;888;862;17;148;293;139;286
0-0;46;4.18942e-15;427;448;31;10001;1;889;855;14;154;312;149;318
1-0;46;4.12894e-15;430;457;46;9905;1;885;859;17;154;290;125;292
3-0;46;3.57654e-15;433;445;34;9005;1;883;858;11;159;294;137;266
2-0;46;4.19321e-15;453;417;36;10007;1;881;854;16;145;290;154;319
0-0;47;4.18942e-15;410;389;32;10001;1;886;853;14;150;283;165;284
3-0;47;3.57654e-15;420;446;34;9007;1;880;856;11;150;291;159;274
2-0;47;4.19321e-15;441;440;36;10007;1;878;851;16;146;321;140;292
1-0;47;4.12894e-15;463;446;45;9905;1;882;856;18;132;295;143;288
0-0;48;4.18942e-15;410;390;37;10001;1;883;850;12;131;282;151;284
2-0;48;4.19321e-15;464;412;39;10007;1;875;849;15;141;291;174;280
3-0;48;3.57774e-15;421;428;34;9007;1;877;854;11;144;277;173;255
1-0;48;4.12894e-15;441;445;44;9905;1;879;853;19;144;296;148;297
2-0;49;4.19321e-15;407;419;40;10008;1;873;846;15;167;278;136;289
3-0;49;3.57774e-15;437;420;34;9007;1;873;852;11;125;322;144;255
1-0;49;4.12894e-15;460;459;46;9905;1;876;850;18;150;310;126;287
0-0;49;4.18942e-15;440;393;37;10002;1;880;847;12;122;309;146;278
0-0;50;4.19005e-15;431;402;38;10002;1;877;845;12;142;308;135;257
1-0;50;4.12894e-15;413;449;46;9905;1;874;847;18;170;297;144;289
2-0;50;4.19384e-15;410;451;42;10008;1;870;843;14;141;313;129;283
3-0;50;3.57774e-15;392;438;36;9007;1;871;849;10;158;282;121;279
1-0;51;4.12894e-15;422;455;48;9905;1;871;844;18;141;283;142;276
0-0;51;4.19005e-15;455;404;38;10002;1;874;842;12;130;288;137;292
3-0;51;3.57774e-15;415;422;38;9008;1;868;846;9;123;263;149;288
2-0;51;4.19384e-15;416;429;40;10008;1;867;841;16;131;286;144;265
1-0;52;4.12894e-15;429;432;52;9905;1;868;841;16;135;306;136;282
0-0;52;4.19005e-15;466;404;38;10002;1;871;840;12;147;315;137;258
3-0;52;3.57834e-15;447;436;37;9008;1;865;843;10;133;266;145;299
2-0;52;4.19384e-15;426;419;40;10008;1;864;838;16;146;277;140;279
0-0;53;4.19005e-15;467;412;42;10002;1;868;838;10;149;293;146;262
1-0;53;4.12894e-15;405;444;51;9905;1;865;838;17;162;321;139;288
2-0;53;4.19384e-15;436;422;42;10008;1;861;835;15;130;264;148;289
3-0;53;3.57834e-15;433;431;36;9008;1;863;840;11;153;272;145;296
2-0;54;4.19384e-15;454;433;46;10008;1;859;833;13;168;270;155;251
0-0;54;4.19005e-15;438;426;42;10002;1;865;835;10;164;301;131;280
1-0;54;4.12894e-15;418;449;53;9905;1;863;835;16;153;272;126;258
3-0;54;3.57834e-15;421;431;36;9008;1;860;837;11;126;303;150;293
0-0;55;4.19005e-15;421;388;40;10002;1;862;833;12;162;324;158;268
2-0;55;4.19384e-15;466;409;44;10009;1;856;831;15;146;301;161;285
3-0;55;3.57834e-15;445;428;36;9008;1;857;834;11;127;291;126;259
1-0;55;4.12894e-15;419;440;53;9905;1;860;832;16;135;287;130;276
0-0;56;4.19005e-15;430;428;39;10002;1;860;831;13;149;276;146;266
2-0;56;4.19447e-15;443;401;48;10010;1;853;829;13;153;328;147;255
1-0;56;4.12894e-15;438;410;51;9905;1;857;829;18;129;300;138;273
3-0;56;3.57834e-15;456;444;36;9008;1;854;832;11;129;264;145;272
3-0;57;3.57834e-15;462;413;36;9008;1;852;829;11;143;269;137;279
2-0;57;4.1951e-15;452;428;47;10010;1;850;826;14;135;288;136;277
0-0;57;4.19005e-15;436;426;41;10002;1;858;828;12;142;268;142;283
1-0;57;4.12894e-15;377;429;54;9905;1;854;826;17;147;300;127;256
0-0;58;4.19005e-15;453;398;40;10002;1;855;825;13;134;275;123;297
1-0;58;4.12894e-15;399;440;53;9905;1;851;823;18;143;278;133;292
2-0;58;4.1951e-15;442;420;47;10010;1;847;824;14;160;293;159;266
3-0;58;3.57834e-15;445;420;39;9009;1;849;826;10;159;328;136;273
1-0;59;4.12894e-15;423;398;52;9905;1;848;821;19;140;271;150;275
2-0;59;4.1951e-15;433;421;46;10010;1;845;821;15;157;267;139;287
0-0;59;4.19005e-15;414;394;40;10003;1;852;823;13;149;309;154;277
3-0;59;3.57893e-15;460;408;38;9009;1;846;824;11;145;312;151;278
0-0;60;4.19068e-15;468;424;39;10003;1;849;820;14;130;297;119;254
1-0;60;4.12894e-15;434;382;52;9905;1;845;819;19;156;295;138;243
3-0;60;3.57893e-15;431;389;38;9010;1;843;822;11;154;288;146;268
2-0;60;4.1951e-15;421;441;45;10010;1;842;818;16;149;284;147;275
3-0;61;3.57953e-15;459;414;40;9011;1;840;819;10;132;283;128;279
2-0;61;4.1951e-15;427;441;49;10010;1;840;815;14;134;250;141;276
1-0;61;4.12894e-15;436;417;54;9905;1;842;817;18;157;287;140;259
0-0;61;4.19068e-15;457;461;39;10003;1;846;817;15;148;289;126;271
1-0;62;4.12894e-15;426;405;53;9906;1;840;815;19;142;270;139;264
0-0;62;4.19068e-15;443;434;39;10003;1;843;814;16;122;304;130;260
2-0;62;4.1951e-15;440;411;51;10010;1;838;812;13;135;263;138;267
3-0;62;3.58013e-15;442;371;39;9012;1;837;816;11;133;287;123;287
0-0;63;4.19068e-15;415;441;37;10003;1;841;812;18;156;272;131;252
1-0;63;4.12957e-15;411;400;56;9906;1;837;812;18;153;292;133;274
2-0;63;4.1951e-15;429;440;51;10010;1;836;809;13;155;279;132;295
3-0;63;3.58073e-15;409;416;38;9012;1;834;813;12;141;283;119;259
0-0;64;4.19068e-15;413;435;37;10003;1;838;809;18;151;295;139;273
3-0;64;3.58073e-15;396;408;38;9012;1;831;810;12;137;285;134;274
1-0;64;4.12957e-15;413;391;56;9906;1;835;809;18;124;251;129;270
2-0;64;4.1951e-15;429;440;53;10010;1;834;806;12;141;266;149;287
3-0;65;3.58073e-15;404;395;37;9013;1;828;808;13;136;293;138;264
1-0;65;4.12957e-15;411;393;55;9906;1;832;807;19;115;283;120;243
0-0;65;4.19068e-15;410;431;36;10003;1;835;806;19;131;297;134;275
2-0;65;4.1951e-15;417;397;51;10010;1;831;803;14;123;263;137;278
1-0;66;4.12957e-15;432;364;56;9906;1;829;805;19;133;267;155;268
0-0;66;4.19068e-15;421;412;38;10003;1;833;803;18;142;258;131;281
2-0;66;4.1951e-15;404;374;50;10010;1;829;800;15;145;272;121;280
3-0;66;3.58133e-15;419;409;39;9014;1;825;805;12;146;279;120;287
1-0;67;4.12957e-15;418;369;55;9906;1;826;802;21;140;288;121;287
0-0;67;4.19068e-15;401;410;39;10003;1;831;801;18;146;263;130;235
3-0;67;3.58193e-15;406;418;39;9014;1;823;802;12;166;281;104;242
2-0;67;4.1951e-15;432;386;51;10011;1;827;797;15;148;261;123;252
3-0;68;3.58193e-15;405;426;38;9014;1;820;800;13;137;277;133;256
1-0;68;4.12957e-15;417;367;59;9906;1;823;799;19;134;263;117;277
2-0;68;4.19574e-15;423;399;53;10011;1;825;794;15;162;257;124;268
0-0;68;4.19068e-15;431;393;37;10003;1;828;798;20;118;271;131;260
3-0;69;3.58193e-15;394;404;37;9014;1;818;798;14;152;277;142;265
2-0;69;4.19574e-15;400;422;54;10012;1;823;792;15;169;277;135;256
1-0;69;4.12957e-15;389;372;59;9906;1;820;796;19;138;282;130;285
0-0;69;4.19068e-15;413;386;37;10003;1;825;795;21;135;282;129;267
2-0;70;4.19637e-15;370;404;54;10012;1;820;789;15;154;305;132;269
3-0;70;3.58193e-15;412;409;38;9014;1;816;796;14;138;263;142;262
1-0;70;4.12957e-15;380;394;58;9906;1;818;793;20;154;267;129;280
0-0;70;4.19068e-15;443;395;40;10003;1;822;792;20;134;291;120;265
1-0;71;4.12957e-15;387;390;64;9906;1;815;790;17;123;289;122;270
2-0;71;4.19637e-15;382;371;56;10012;1;817;786;14;122;278;98;239
3-0;71;3.58193e-15;439;405;36;9014;1;813;794;16;124;273;132;255
0-0;71;4.19068e-15;417;418;40;10003;1;820;789;20;142;249;125;272
1-0;72;4.12957e-15;422;381;64;9907;1;813;788;18;118;242;145;224
3-0;72;3.58193e-15;462;407;36;9014;1;810;792;16;150;285;136;260
0-0;72;4.19068e-15;432;391;39;10003;1;818;787;22;143;260;139;248
2-0;72;4.19637e-15;411;396;55;10013;1;815;784;15;137;259;126;246
1-0;73;4.1302e-15;400;367;63;9907;1;810;785;19;139;285;124;259
3-0;73;3.58193e-15;470;414;36;9014;1;808;790;16;146;249;136;256
2-0;73;4.197e-15;415;380;54;10013;1;813;781;16;159;251;121;263
0-0;73;4.19068e-15;431;386;41;10003;1;815;785;21;120;284;132;247
0-0;74;4.19068e-15;406;412;40;10003;1;813;782;22;151;259;125;260
3-0;74;3.58193e-15;418;399;38;9015;1;806;788;15;176;260;131;249
2-0;74;4.197e-15;381;397;54;10015;1;810;778;16;135;280;115;257
1-0;74;4.1302e-15;410;375;65;9908;1;807;782;18;130;263;134;291
3-0;75;3.58253e-15;381;407;37;9015;1;804;786;17;157;284;143;249
1-0;75;4.13083e-15;396;367;69;9908;1;804;780;16;143;274;127;252
0-0;75;4.19068e-15;386;404;38;10003;1;811;779;24;155;258;126;266
2-0;75;4.19826e-15;366;404;56;10015;1;807;775;15;134;284;123;266
1-0;76;4.13083e-15;416;373;66;9909;1;801;777;19;116;265;108;281
3-0;76;3.58253e-15;393;389;35;9015;1;801;783;19;131;280;148;278
2-0;76;4.19826e-15;392;367;54;10016;1;804;773;17;124;271;153;227
0-0;76;4.19068e-15;395;381;42;10003;1;809;777;22;127;253;130;251
2-0;77;4.1989e-15;401;416;54;10016;1;802;770;17;141;261;116;255
3-0;77;3.58253e-15;392;367;40;9015;1;799;781;17;139;255;137;227
1-0;77;4.13146e-15;409;372;65;9909;1;799;775;20;143;254;127;247
0-0;77;4.19068e-15;407;384;41;10003;1;806;774;24;138;274;127;277
2-0;78;4.1989e-15;408;404;52;10016;1;799;768;19;121;256;154;271
0-0;78;4.19068e-15;393;433;44;10004;1;803;771;23;134;307;107;283
1-0;78;4.13146e-15;379;357;63;9909;1;796;772;22;131;295;138;275
3-0;78;3.58253e-15;396;387;40;9015;1;796;779;17;111;249;118;227
1-0;79;4.13146e-15;349;381;60;9909;1;793;769;25;125;272;122;262
2-0;79;4.1989e-15;402;391;51;10016;1;797;766;20;143;258;151;252
0-0;79;4.19131e-15;422;408;42;10004;1;800;769;25;129;266;129;253
3-0;79;3.58253e-15;378;373;39;9015;1;793;777;18;154;317;134;252
1-0;80;4.13146e-15;360;386;59;9910;1;790;766;26;117;261;134;276
0-0;80;4.19131e-15;400;392;43;10005;1;797;767;25;133;287;154;275
3-0;80;3.58253e-15;370;370;41;9015;1;791;775;17;141;241;134;243
2-0;80;4.1989e-15;413;373;53;10016;1;794;763;19;124;283;142;277
3-0;81;3.58253e-15;375;370;40;9015;1;788;773;18;122;292;122;241
1-0;81;4.13209e-15;387;392;61;9911;1;787;763;25;117;286;128;290
0-0;81;4.19195e-15;400;422;47;10005;1;795;765;23;155;279;132;244
2-0;81;4.1989e-15;436;353;50;10016;1;791;760;22;131;279;137;268
1-0;82;4.13271e-15;393;416;60;9911;1;785;761;27;139;241;125;246
0-0;82;4.19195e-15;391;409;49;10005;1;792;762;22;126;262;140;270
3-0;82;3.58253e-15;387;391;42;9015;1;786;771;17;133;236;119;226
2-0;82;4.1989e-15;407;334;51;10016;1;788;757;22;146;275;123;286
3-0;83;3.58253e-15;381;424;42;9015;1;784;769;17;140;251;112;230
0-0;83;4.19195e-15;416;398;49;10005;1;789;760;22;130;281;114;238
2-0;83;4.1989e-15;403;348;51;10016;1;786;754;22;145;255;118;258
1-0;83;4.13271e-15;384;408;60;9912;1;783;759;27;132;257;130;245
0-0;84;4.19195e-15;395;420;47;10006;1;787;757;24;133;256;117;280
3-0;84;3.58253e-15;398;405;46;9016;1;782;767;15;135;234;127;244
1-0;84;4.13334e-15;419;396;60;9913;1;780;757;27;127;265;148;273
2-0;84;4.1989e-15;390;342;50;10016;1;784;751;23;145;248;125;266
0-0;85;4.19258e-15;373;419;47;10006;1;784;755;24;120;295;130;255
1-0;85;4.13397e-15;402;367;60;9913;1;777;755;27;161;295;134;226
2-0;85;4.1989e-15;369;373;50;10016;1;782;748;24;136;240;127;269
3-0;85;3.58313e-15;401;370;46;9016;1;779;765;15;138;277;126;244
2-0;86;4.1989e-15;363;398;48;10016;1;779;746;26;139;288;115;232
0-0;86;4.19258e-15;374;392;47;10006;1;781;752;24;130;284;129;265
1-0;86;4.13334e-15;395;356;58;9913;1;775;753;29;147;252;118;235
3-0;86;3.58313e-15;387;366;48;9017;1;776;762;14;147;293;127;270
0-0;87;4.19258e-15;368;373;48;10006;1;778;750;24;129;281;118;233
2-0;87;4.1989e-15;401;383;50;10016;1;777;743;25;119;246;125;286
1-0;87;4.13397e-15;394;380;59;9913;1;772;750;29;123;259;117;254
3-0;87;3.58373e-15;370;395;46;9017;1;773;759;16;121;272;111;253
2-0;88;4.1989e-15;394;395;52;10016;1;775;741;24;133;242;132;249
1-0;88;4.13334e-15;398;379;59;9913;1;769;748;29;110;272;146;256
0-0;88;4.19258e-15;384;384;47;10006;1;775;748;25;126;265;127;240
3-0;88;3.58373e-15;375;383;43;9017;1;770;757;19;117;254;131;257
2-0;89;4.1989e-15;434;400;53;10016;1;772;739;24;119;265;146;252
3-0;89;3.58373e-15;379;368;46;9017;1;768;754;18;134;256;128;284
0-0;89;4.19258e-15;404;384;48;10006;1;773;746;25;135;249;113;240
1-0;89;4.13397e-15;403;413;59;9913;1;766;745;29;128;257;103;246
3-0;90;3.58373e-15;377;360;43;9017;1;765;751;21;125;272;112;255
0-0;90;4.19258e-15;405;400;50;10007;1;770;743;24;125;262;110;250
1-0;90;4.13334e-15;407;391;60;9913;1;764;743;29;146;250;157;276
2-0;90;4.1989e-15;404;391;56;10016;1;770;737;25;148;256;137;231
0-0;91;4.19321e-15;369;357;56;10007;1;768;740;22;143;253;125;256
2-0;91;4.1989e-15;407;389;56;10016;1;767;735;26;135;297;130;253
3-0;91;3.58373e-15;372;380;45;9017;1;762;748;20;116;257;123;273
1-0;91;4.13397e-15;402;375;59;9913;1;761;741;30;120;267;143;246
0-0;92;4.19321e-15;349;363;55;10007;1;766;738;23;132;235;123;250
3-0;92;3.58373e-15;406;381;47;9017;1;759;746;19;130;265;155;236
1-0;92;4.13334e-15;408;376;57;9914;1;758;739;32;127;266;148;246
2-0;92;4.1989e-15;399;384;61;10016;1;765;733;24;139;249;130;244
1-0;93;4.1346e-15;359;381;57;9914;1;755;736;33;116;263;118;261
3-0;93;3.58373e-15;377;380;46;9017;1;757;744;20;128;226;133;249
0-0;93;4.19321e-15;339;361;55;10007;1;763;735;23;121;291;125;255
2-0;93;4.1989e-15;418;387;60;10016;1;762;730;25;122;278;117;246
2-0;94;4.1989e-15;410;374;64;10016;1;760;728;23;142;250;129;234
3-0;94;3.58373e-15;373;363;44;9017;1;754;741;22;106;236;111;257
0-0;94;4.19321e-15;331;368;58;10007;1;760;732;22;112;277;130;264
1-0;94;4.13397e-15;356;371;63;9914;1;753;734;30;133;237;124;226
2-0;95;4.1989e-15;406;351;64;10017;1;758;726;23;138;213;121;248
0-0;95;4.19321e-15;344;376;60;10007;1;757;729;21;104;277;115;244
3-0;95;3.58373e-15;373;365;43;9017;1;752;739;23;137;232;129;231
1-0;95;4.1346e-15;375;374;65;9914;1;750;732;30;121;280;127;251
1-0;96;4.13397e-15;383;368;67;9914;1;747;730;29;133;268;129;249
0-0;96;4.19321e-15;355;369;61;10007;1;754;726;21;133;278;133;264
3-0;96;3.58373e-15;388;362;44;9017;1;749;737;23;114;253;118;245
2-0;96;4.19953e-15;389;349;61;10017;1;755;724;26;135;273;126;241
0-0;97;4.19321e-15;371;339;61;10007;1;751;723;21;119;275;125;260
2-0;97;4.19953e-15;381;366;60;10017;1;753;722;27;135;248;126;241
1-0;97;4.1346e-15;371;372;65;9914;1;745;728;31;138;260;120;235
3-0;97;3.58373e-15;373;352;43;9017;1;747;734;24;130;241;115;261
3-0;98;3.58373e-15;365;335;45;9017;1;745;731;23;118;230;124;254
1-0;98;4.13397e-15;396;366;66;9914;1;743;726;31;128;249;130;235
2-0;98;4.19953e-15;365;299;59;10017;1;750;720;29;119;253;126;230
0-0;98;4.19321e-15;374;357;60;10007;1;749;721;22;118;238;121;242
1-0;99;4.1346e-15;385;345;66;9914;1;741;724;32;138;220;147;212
2-0;99;4.19953e-15;315;343;59;10019;1;748;717;29;124;251;95;271
3-0;99;3.58373e-15;402;329;45;9017;1;743;728;24;105;233;117;258
0-0;99;4.19321e-15;373;337;62;10007;1;747;719;21;127;254;121;232
1-0;100;4.13397e-15;366;387;68;9914;1;739;722;31;128;231;105;225
0-0;100;4.19321e-15;338;340;60;10007;1;745;716;24;132;260;123;284
3-0;100;3.58373e-15;363;319;45;9017;1;741;726;24;135;239;138;252
2-0;100;4.20079e-15;347;374;59;10019;1;746;715;29;125;236;103;224
0-0;101;4.19321e-15;345;350;64;10007;1;743;713;22;124;228;117;250
2-0;101;4.20079e-15;370;386;59;10019;1;743;712;29;120;254;107;264
1-0;101;4.1346e-15;370;364;68;9914;1;737;720;32;122;220;130;223
3-0;101;3.58373e-15;360;351;45;9017;1;739;723;24;131;243;115;263
3-0;102;3.58373e-15;374;372;47;9017;1;737;721;23;129;247;107;208
0-0;102;4.19321e-15;339;341;63;10007;1;740;711;23;105;254;111;226
1-0;102;4.13397e-15;366;353;66;9914;1;735;718;34;129;231;115;235
2-0;102;4.20079e-15;358;367;58;10019;1;741;710;30;127;223;140;250
3-0;103;3.58373e-15;340;367;50;9017;1;735;719;22;123;250;130;226
2-0;103;4.20079e-15;383;357;62;10019;1;738;707;28;137;268;120;263
1-0;103;4.1346e-15;369;341;66;9914;1;732;716;34;95;265;126;230
0-0;103;4.19321e-15;374;358;63;10007;1;737;708;23;102;252;107;248
0-0;104;4.19321e-15;355;345;65;10007;1;735;706;22;125;228;120;224
1-0;104;4.13397e-15;352;331;69;9914;1;730;713;33;144;248;114;252
3-0;104;3.58373e-15;344;361;52;9017;1;733;716;21;128;241;123;252
2-0;104;4.20079e-15;391;338;59;10020;1;736;705;31;117;230;132;255
2-0;105;4.20142e-15;390;368;64;10021;1;733;702;29;116;254;97;236
0-0;105;4.19321e-15;370;364;65;10008;1;732;704;22;110;249;109;236
1-0;105;4.1346e-15;362;364;69;9914;1;728;710;33;124;247;106;274
3-0;105;3.58373e-15;360;325;51;9017;1;731;713;22;126;241;123;255
1-0;106;4.13397e-15;365;368;67;9914;1;725;708;35;121;262;125;241
0-0;106;4.19384e-15;370;377;66;10010;1;730;702;22;120;244;111;235
2-0;106;4.20206e-15;363;389;66;10021;1;731;699;29;128;243;115;244
3-0;106;3.58373e-15;372;333;52;9017;1;729;711;22;116;236;108;231
1-0;107;4.1346e-15;361;384;69;9915;1;723;706;34;136;229;126;223
2-0;107;4.20142e-15;315;363;68;10021;1;729;696;28;156;237;129;259
3-0;107;3.58373e-15;351;359;54;9017;1;727;709;21;138;254;110;237
0-0;107;4.1951e-15;373;349;66;10010;1;728;700;22;128;246;119;221
1-0;108;4.13523e-15;347;396;68;9915;1;721;704;35;122;226;119;223
3-0;108;3.58373e-15;341;359;53;9017;1;725;706;22;117;218;132;270
2-0;108;4.20206e-15;321;365;72;10021;1;726;694;26;108;276;125;252
0-0;108;4.1951e-15;366;343;62;10010;1;726;697;26;125;223;112;249
3-0;109;3.58373e-15;358;382;54;9017;1;722;703;22;109;241;113;245
2-0;109;4.20142e-15;346;379;72;10021;1;723;692;27;112;266;121;236
0-0;109;4.1951e-15;372;343;60;10010;1;724;695;28;119;236;120;243
1-0;109;4.13523e-15;369;380;67;9915;1;718;702;36;116;260;143;238
2-0;110;4.20206e-15;325;371;72;10021;1;721;690;27;137;235;120;212
0-0;110;4.1951e-15;384;364;59;10010;1;722;693;29;126;235;119;208
1-0;110;4.13523e-15;360;381;65;9915;1;716;699;38;121;242;118;253
3-0;110;3.58373e-15;349;374;56;9018;1;719;700;21;122;254;116;257
0-0;111;4.1951e-15;374;384;59;10010;1;719;691;29;116;248;115;210
1-0;111;4.13523e-15;375;385;65;9915;1;714;697;38;122;240;128;206
2-0;111;4.20142e-15;328;357;71;10021;1;719;687;28;110;236;114;253
3-0;111;3.58433e-15;332;338;53;9018;1;717;698;24;123;244;153;223
1-0;112;4.13523e-15;364;371;65;9915;1;712;694;39;133;244;121;260
2-0;112;4.20206e-15;345;365;69;10021;1;716;685;30;102;255;118;205
0-0;112;4.1951e-15;384;366;61;10011;1;716;689;29;111;244;140;209
3-0;112;3.58433e-15;355;333;54;9019;1;715;696;25;121;232;106;216
2-0;113;4.20142e-15;327;364;72;10021;1;714;683;29;117;235;118;232
3-0;113;3.58493e-15;379;333;52;9020;1;713;694;27;108;228;119;220
1-0;113;4.13523e-15;371;355;64;9915;1;709;692;40;126;269;124;228
0-0;113;4.19574e-15;362;374;61;10011;1;714;687;29;124;249;110;219
3-0;114;3.58553e-15;363;363;52;9020;1;711;691;27;123;249;119;249
0-0;114;4.19574e-15;336;376;61;10011;1;712;685;29;121;240;130;233
1-0;114;4.13523e-15;362;362;67;9915;1;707;690;39;121;214;119;236
2-0;114;4.20206e-15;331;323;73;10022;1;712;681;29;115;242;123;206
2-0;115;4.20206e-15;339;338;77;10022;1;710;679;27;100;221;111;192
3-0;115;3.58553e-15;344;339;50;9020;1;708;689;29;105;257;124;232
1-0;115;4.13523e-15;369;361;66;9915;1;705;688;40;132;232;113;199
0-0;115;4.19574e-15;372;363;63;10011;1;710;682;28;110;234;112;248
1-0;116;4.13523e-15;330;360;68;9915;1;703;686;39;118;233;117;236
0-0;116;4.19574e-15;364;350;65;10011;1;708;680;27;127;246;106;216
3-0;116;3.58553e-15;367;306;50;9020;1;705;687;29;103;256;111;214
2-0;116;4.20206e-15;366;326;79;10023;1;708;677;26;101;223;109;215
1-0;117;4.13523e-15;339;322;68;9915;1;701;684;39;124;223;112;183
3-0;117;3.58553e-15;371;350;49;9020;1;703;684;30;129;250;94;268
2-0;117;4.20332e-15;390;329;82;10023;1;705;675;25;95;250;104;206
0-0;117;4.19574e-15;376;373;65;10011;1;706;677;27;118;216;105;236
3-0;118;3.58553e-15;368;315;51;9020;1;701;682;29;116;234;135;224
2-0;118;4.20269e-15;355;325;80;10024;1;703;673;27;120;232;110;235
1-0;118;4.13523e-15;345;338;71;9915;1;698;682;38;110;242;101;200
0-0;118;4.19574e-15;342;333;65;10012;1;704;675;27;126;228;119;232
1-0;119;4.13523e-15;326;322;71;9915;1;696;680;38;130;229;133;222
2-0;119;4.20395e-15;322;305;84;10024;1;701;671;25;125;219;115;227
0-0;119;4.19637e-15;326;330;66;10013;1;702;673;27;135;236;108;214
3-0;119;3.58553e-15;356;359;53;9020;1;698;679;28;110;241;105;246
2-0;120;4.20395e-15;337;331;86;10024;1;699;669;24;105;216;108;201
0-0;120;4.197e-15;338;321;65;10013;1;700;671;29;113;234;113;241
1-0;120;4.13523e-15;332;325;70;9916;1;693;677;39;92;238;115;257
3-0;120;3.58553e-15;377;345;53;9020;1;695;677;28;100;235;103;204
0-0;121;4.197e-15;356;351;66;10013;1;698;669;30;113;232;105;231
2-0;121;4.20395e-15;322;334;88;10025;1;696;667;23;121;262;108;210
3-0;121;3.58553e-15;373;318;55;9020;1;693;675;27;139;230;109;215
1-0;121;4.13586e-15;336;330;72;9916;1;691;675;38;117;231;100;210
2-0;122;4.20458e-15;374;324;88;10026;1;693;665;24;106;246;112;206
1-0;122;4.13523e-15;361;336;70;9917;1;689;673;40;106;225;113;216
3-0;122;3.58553e-15;379;338;53;9020;1;691;673;29;113;213;114;228
0-0;122;4.197e-15;327;311;69;10013;1;696;667;29;96;220;125;193
2-0;123;4.20522e-15;374;350;89;10026;1;691;663;24;126;204;99;206
0-0;123;4.197e-15;317;306;68;10013;1;694;665;30;104;231;114;220
3-0;123;3.58553e-15;343;332;53;9020;1;689;671;30;119;228;127;234
1-0;123;4.13649e-15;343;346;74;9917;1;687;671;38;116;210;124;224
1-0;124;4.13649e-15;342;309;75;9917;1;685;669;38;115;202;112;211
3-0;124;3.58553e-15;366;329;53;9020;1;687;669;31;107;224;117;220
2-0;124;4.20522e-15;376;334;92;10026;1;688;661;23;103;241;118;194
0-0;124;4.197e-15;334;303;66;10013;1;692;663;32;110;216;91;213
1-0;125;4.13649e-15;324;338;77;9918;1;683;667;37;134;243;93;220
2-0;125;4.20522e-15;394;338;89;10027;1;686;659;26;102;208;118;199
3-0;125;3.58553e-15;357;306;55;9020;1;685;667;31;132;219;113;212
0-0;125;4.197e-15;378;328;66;10013;1;689;661;32;93;260;109;234
3-0;126;3.58553e-15;362;329;56;9020;1;683;665;31;113;205;88;209
0-0;126;4.197e-15;346;335;65;10013;1;687;659;33;117;236;105;216
2-0;126;4.20585e-15;368;330;89;10027;1;684;657;26;135;240;113;217
1-0;126;4.13712e-15;329;353;78;9918;1;681;665;37;123;224;103;224
1-0;127;4.13712e-15;310;344;79;9919;1;679;663;37;124;231;117;225
2-0;127;4.20585e-15;352;316;89;10027;1;682;654;27;110;212;105;250
3-0;127;3.58553e-15;350;326;56;9020;1;681;663;32;130;243;103;195
0-0;127;4.197e-15;334;302;65;10013;1;685;657;33;128;216;126;225
3-0;128;3.58553e-15;368;308;59;9020;1;679;661;31;114;206;104;231
1-0;128;4.13774e-15;321;358;78;9919;1;676;661;38;104;245;115;241
2-0;128;4.20585e-15;370;348;88;10027;1;680;652;28;109;213;94;214
0-0;128;4.197e-15;322;308;65;10013;1;683;655;33;121;226;109;221
1-0;129;4.13712e-15;333;324;78;9919;1;674;659;39;110;220;122;226
3-0;129;3.58553e-15;363;333;59;9021;1;676;659;31;103;245;117;236
2-0;129;4.20585e-15;344;343;89;10027;1;678;650;28;129;237;104;214
0-0;129;4.197e-15;349;321;67;10013;1;681;653;32;98;223;103;215
1-0;130;4.13774e-15;352;334;80;9919;1;672;657;38;104;227;113;238
0-0;130;4.197e-15;326;310;71;10014;1;679;651;30;133;249;98;225
2-0;130;4.20585e-15;354;342;89;10027;1;676;648;29;124;223;123;210
3-0;130;3.58612e-15;376;338;60;9021;1;674;657;31;123;236;125;204
1-0;131;4.13712e-15;333;347;79;9919;1;670;655;39;129;227;116;210
0-0;131;4.19763e-15;325;322;70;10014;1;677;649;31;115;222;111;218
2-0;131;4.20585e-15;359;341;90;10027;1;674;646;29;130;218;115;217
3-0;131;3.58612e-15;356;330;58;9021;1;672;655;33;125;222;108;206
1-0;132;4.13774e-15;336;353;82;9919;1;668;653;38;117;215;123;224
3-0;132;3.58612e-15;358;328;59;9021;1;670;653;33;111;225;99;212
2-0;132;4.20585e-15;329;337;89;10027;1;672;644;30;138;219;106;225
0-0;132;4.19763e-15;361;312;74;10014;1;675;647;29;129;234;109;213
1-0;133;4.13712e-15;342;313;80;9920;1;666;651;40;117;243;115;219
3-0;133;3.58612e-15;344;335;61;9021;1;667;651;33;119;255;106;231
2-0;133;4.20585e-15;328;322;88;10027;1;670;642;31;130;252;121;226
0-0;133;4.19763e-15;335;321;73;10014;1;673;645;30;118;225;109;211
3-0;134;3.58612e-15;346;334;63;9021;1;665;649;32;116;228;102;213
1-0;134;4.13837e-15;341;329;86;9920;1;663;648;38;108;243;96;237
2-0;134;4.20585e-15;336;327;87;10027;1;668;640;33;102;212;120;223
0-0;134;4.19763e-15;340;323;76;10015;1;670;643;29;98;231;102;229
1-0;135;4.13837e-15;318;306;89;9922;1;661;646;37;109;222;114;223
2-0;135;4.20585e-15;335;299;86;10027;1;665;638;34;101;249;114;211
3-0;135;3.58612e-15;339;310;65;9021;1;663;647;31;127;226;121;233
0-0;135;4.19826e-15;335;342;78;10016;1;668;641;28;114;233;100;194
0-0;136;4.1989e-15;310;352;76;10016;1;666;639;30;124;222;101;200
1-0;136;4.13963e-15;355;302;89;9922;1;659;644;38;106;233;111;206
3-0;136;3.58612e-15;336;325;67;9022;1;661;645;30;114;205;101;190
2-0;136;4.20585e-15;350;319;85;10028;1;663;636;35;115;212;103;217
3-0;137;3.58672e-15;362;324;66;9024;1;659;643;31;105;230;104;217
2-0;137;4.20648e-15;361;332;87;10029;1;661;634;34;119;221;122;236
1-0;137;4.13963e-15;360;304;87;9922;1;657;641;40;125;212;101;249
0-0;137;4.1989e-15;333;326;75;10016;1;664;637;31;121;231;106;183
0-0;138;4.1989e-15;318;348;74;10016;1;662;635;33;120;207;103;225
1-0;138;4.13963e-15;362;340;87;9922;1;655;638;40;132;229;100;231
3-0;138;3.58792e-15;356;328;68;9024;1;657;641;30;127;229;101;210
2-0;138;4.20711e-15;331;330;86;10029;1;659;632;35;134;232;111;198
2-0;139;4.20711e-15;333;321;90;10029;1;657;630;33;118;213;115;200
3-0;139;3.58792e-15;328;311;68;9024;1;655;639;30;113;231;103;201
1-0;139;4.13963e-15;349;375;88;9923;1;653;636;41;118;223;101;224
0-0;139;4.1989e-15;308;333;74;10016;1;660;633;34;118;234;106;189
3-0;140;3.58792e-15;323;301;68;9024;1;653;637;31;111;239;109;211
2-0;140;4.20711e-15;328;323;89;10029;1;655;628;35;112;219;96;191
1-0;140;4.14026e-15;338;331;92;9924;1;650;634;39;102;232;129;223
0-0;140;4.1989e-15;322;338;71;10016;1;658;631;37;109;229;108;214
2-0;141;4.20711e-15;376;324;89;10029;1;653;626;36;107;191;106;207
0-0;141;4.1989e-15;337;327;75;10017;1;656;628;36;112;224;97;231
3-0;141;3.58792e-15;360;325;67;9025;1;650;635;33;112;250;97;214
1-0;141;4.14089e-15;300;356;91;9925;1;648;632;40;114;226;108;209
1-0;142;4.14152e-15;302;322;93;9925;1;646;630;40;105;203;108;225
3-0;142;3.58852e-15;361;338;69;9025;1;648;633;32;120;236;102;200
2-0;142;4.20711e-15;357;322;91;10029;1;651;625;36;109;202;116;170
0-0;142;4.19953e-15;330;303;76;10017;1;654;626;36;119;230;118;212
0-0;143;4.19953e-15;334;290;78;10017;1;652;624;36;100;223;106;198
2-0;143;4.20711e-15;336;297;88;10029;1;649;623;39;120;247;120;194
1-0;143;4.14152e-15;319;301;94;9927;1;644;628;41;98;205;107;214
3-0;143;3.58852e-15;315;308;70;9025;1;647;631;32;131;193;112;187
1-0;144;4.14278e-15;316;291;96;9928;1;642;625;40;107;206;97;232
0-0;144;4.19953e-15;347;322;79;10017;1;650;621;36;111;182;87;219
2-0;144;4.20711e-15;334;286;87;10029;1;647;621;40;117;201;91;195
3-0;144;3.58852e-15;326;307;72;9025;1;645;629;31;119;229;101;209
3-0;145;3.58852e-15;329;290;70;9026;1;643;627;33;108;199;105;210
2-0;145;4.20711e-15;363;301;86;10030;1;644;619;42;109;240;106;197
1-0;145;4.14341e-15;288;322;99;9929;1;640;623;39;100;225;94;210
0-0;145;4.19953e-15;309;302;81;10017;1;648;619;36;144;244;111;205
3-0;146;3.58912e-15;331;295;71;9026;1;641;625;33;111;198;105;204
0-0;146;4.19953e-15;329;306;80;10017;1;645;617;37;104;233;101;214
2-0;146;4.20775e-15;335;309;88;10030;1;642;617;41;116;204;97;198
1-0;146;4.14403e-15;309;317;99;9929;1;638;621;40;93;196;123;202
3-0;147;3.58912e-15;339;287;71;9026;1;639;623;34;96;203;111;207
2-0;147;4.20775e-15;329;313;91;10031;1;640;615;40;111;205;111;211
1-0;147;4.14403e-15;316;315;100;9929;1;636;619;40;95;192;102;199
0-0;147;4.19953e-15;317;284;84;10017;1;643;615;35;120;209;95;177
1-0;148;4.14403e-15;292;323;100;9930;1;634;617;40;121;205;95;180
0-0;148;4.19953e-15;312;301;84;10017;1;641;613;35;100;219;107;217
2-0;148;4.20838e-15;288;330;89;10032;1;637;612;42;124;258;104;235
3-0;148;3.58912e-15;346;315;73;9026;1;636;620;33;96;231;90;222
2-0;149;4.20901e-15;274;323;91;10032;1;635;610;41;98;212;107;185
0-0;149;4.19953e-15;314;300;83;10017;1;639;611;36;107;225;114;210
3-0;149;3.58912e-15;342;296;75;9027;1;634;618;33;109;214;117;216
1-0;149;4.14403e-15;293;308;103;9930;1;631;615;39;91;225;106;190
0-0;150;4.19953e-15;319;312;85;10017;1;636;609;35;79;210;104;206
1-0;150;4.14403e-15;303;321;102;9930;1;628;613;40;87;218;98;181
2-0;150;4.20901e-15;291;300;94;10034;1;633;608;40;89;211;101;199
3-0;150;3.58972e-15;302;304;75;9027;1;632;616;33;116;222;111;184
2-0;151;4.21028e-15;298;282;94;10034;1;631;606;41;106;186;97;205
0-0;151;4.19953e-15;287;291;82;10017;1;634;607;38;110;235;109;214
1-0;151;4.14403e-15;335;302;102;9931;1;625;611;40;98;230;100;203
3-0;151;3.58972e-15;318;293;77;9027;1;630;614;32;103;231;98;178
1-0;152;4.14529e-15;312;288;106;9933;1;623;609;38;107;223;92;214
3-0;152;3.58972e-15;301;310;75;9027;1;628;612;34;111;217;112;222
0-0;152;4.19953e-15;301;269;83;10017;1;632;605;39;108;211;93;184
2-0;152;4.21028e-15;318;268;97;10034;1;629;604;40;98;211;99;215
3-0;153;3.58972e-15;315;307;77;9028;1;626;610;33;114;204;101;202
1-0;153;4.14655e-15;298;323;105;9934;1;621;607;39;108;211;97;220
0-0;153;4.19953e-15;299;304;81;10017;1;630;603;42;115;191;93;206
2-0;153;4.21028e-15;327;294;96;10035;1;627;602;42;103;211;89;193
1-0;154;4.14718e-15;311;312;112;9934;1;619;605;36;108;226;104;208
2-0;154;4.21091e-15;306;278;102;10037;1;625;600;39;101;193;103;193
0-0;154;4.19953e-15;301;296;85;10017;1;628;601;40;106;224;117;223
3-0;154;3.59032e-15;299;311;77;9029;1;624;608;34;107;228;92;215
0-0;155;4.19953e-15;286;285;89;10017;1;626;599;39;93;208;110;229
2-0;155;4.21217e-15;304;273;102;10037;1;623;598;40;98;195;88;187
1-0;155;4.14718e-15;298;344;113;9934;1;617;603;36;101;215;115;212
3-0;155;3.59092e-15;290;327;79;9029;1;622;606;33;101;198;92;175
2-0;156;4.21217e-15;299;279;100;10037;1;620;596;42;87;243;109;210
3-0;156;3.59092e-15;291;326;78;9029;1;620;604;34;98;205;92;215
1-0;156;4.14718e-15;301;322;112;9934;1;615;601;37;103;210;114;208
0-0;156;4.19953e-15;285;306;89;10017;1;624;597;39;88;193;76;202
1-0;157;4.14718e-15;318;318;116;9934;1;613;599;36;106;205;99;197
0-0;157;4.19953e-15;272;300;94;10018;1;622;595;37;108;199;102;174
3-0;157;3.59092e-15;277;294;77;9029;1;618;602;35;92;205;92;205
2-0;157;4.21217e-15;313;293;96;10038;1;618;594;46;108;204;93;207
0-0;158;4.20016e-15;284;260;92;10018;1;620;593;39;92;215;107;191
2-0;158;4.21281e-15;294;302;96;10038;1;616;592;46;107;213;102;190
3-0;158;3.59092e-15;275;302;75;9031;1;616;600;37;102;177;86;196
1-0;158;4.14718e-15;332;293;114;9934;1;611;597;39;97;186;97;210
2-0;159;4.21281e-15;290;275;98;10039;1;614;590;45;84;212;99;196
0-0;159;4.20016e-15;270;251;91;10018;1;618;591;40;108;204;93;187
3-0;159;3.59212e-15;276;298;79;9032;1;614;598;35;102;207;97;202
1-0;159;4.14718e-15;340;289;111;9934;1;609;595;42;98;203;96;202
1-0;160;4.14718e-15;316;294;111;9936;1;607;593;43;114;212;103;198
2-0;160;4.21344e-15;280;286;99;10040;1;612;587;45;106;216;93;229
3-0;160;3.59272e-15;294;327;80;9032;1;612;596;35;105;220;92;167
0-0;160;4.20016e-15;287;288;90;10018;1;616;589;41;100;209;81;185
1-0;161;4.14844e-15;305;274;109;9938;1;605;591;45;109;200;97;181
0-0;161;4.20016e-15;287;299;89;10019;1;614;587;42;101;229;74;193
3-0;161;3.59272e-15;283;305;82;9032;1;610;594;34;115;222;113;194
2-0;161;4.21407e-15;300;281;103;10040;1;610;585;43;90;190;101;221
0-0;162;4.20079e-15;275;283;90;10019;1;612;585;43;108;190;94;170
3-0;162;3.59272e-15;314;299;79;9032;1;608;592;37;96;171;105;203
1-0;162;4.1497e-15;294;269;110;9939;1;603;589;45;106;184;85;202
2-0;162;4.21407e-15;301;278;102;10040;1;608;583;44;101;223;101;181
1-0;163;4.15033e-15;330;289;112;9939;1;601;587;44;91;203;91;201
2-0;163;4.21407e-15;293;269;101;10041;1;606;581;45;101;210;101;194
3-0;163;3.59272e-15;310;315;81;9032;1;606;590;38;108;200;93;166
0-0;163;4.20079e-15;302;277;91;10019;1;610;583;43;92;212;104;183
0-0;164;4.20079e-15;275;271;91;10019;1;608;581;43;104;202;103;183
1-0;164;4.15033e-15;296;270;112;9939;1;599;585;45;118;189;93;186
3-0;164;3.59272e-15;313;292;86;9033;1;604;588;36;94;218;107;206
2-0;164;4.21471e-15;299;276;101;10041;1;604;579;46;99;211;98;170
2-0;165;4.21471e-15;311;285;103;10041;1;602;577;45;117;214;95;165
0-0;165;4.20079e-15;321;302;95;10020;1;606;579;41;95;199;95;192
3-0;165;3.59332e-15;276;279;87;9035;1;602;586;36;119;216;103;202
1-0;165;4.15033e-15;272;255;114;9941;1;597;583;45;110;194;92;185
2-0;166;4.21471e-15;322;281;110;10041;1;600;575;42;105;195;104;183
1-0;166;4.15159e-15;279;251;112;9942;1;595;581;47;100;212;82;186
0-0;166;4.20142e-15;318;293;96;10021;1;604;577;41;98;188;102;188
3-0;166;3.59452e-15;295;278;86;9035;1;600;584;38;83;183;89;201
3-0;167;3.59452e-15;295;304;84;9036;1;598;582;40;98;171;96;199
0-0;167;4.20206e-15;323;295;95;10022;1;602;575;42;98;184;108;176
2-0;167;4.21471e-15;320;290;114;10041;1;598;573;41;99;190;96;180
1-0;167;4.15222e-15;298;263;111;9942;1;592;579;48;78;208;107;201
1-0;168;4.15222e-15;317;269;112;9942;1;590;577;49;96;198;102;203
3-0;168;3.59512e-15;306;279;85;9036;1;596;580;41;96;198;98;168
2-0;168;4.21471e-15;304;282;116;10042;1;596;571;40;103;211;93;176
0-0;168;4.20206e-15;318;275;93;10022;1;600;573;44;116;189;93;173
2-0;169;4.21534e-15;288;298;118;10042;1;594;570;40;88;205;102;155
3-0;169;3.59512e-15;324;283;93;9037;1;594;578;37;94;218;104;172
1-0;169;4.15222e-15;307;294;111;9942;1;588;575;50;104;209;100;182
0-0;169;4.20206e-15;289;264;95;10022;1;598;571;43;119;201;80;171
1-0;170;4.15222e-15;296;265;112;9943;1;586;573;50;103;209;87;193
2-0;170;4.21534e-15;300;270;118;10043;1;592;568;40;90;184;92;162
3-0;170;3.59572e-15;301;299;94;9037;1;592;576;37;103;200;90;190
0-0;170;4.20206e-15;305;253;94;10022;1;596;569;44;97;206;88;191
1-0;171;4.15285e-15;280;243;113;9944;1;584;571;50;92;203;112;201
0-0;171;4.20206e-15;316;261;93;10023;1;594;567;45;100;192;86;198
3-0;171;3.59572e-15;303;300;96;9039;1;590;574;37;103;183;99;208
2-0;171;4.21597e-15;268;279;120;10043;1;590;566;39;107;205;70;192
3-0;172;3.59692e-15;299;270;98;9039;1;588;572;36;98;204;96;173
1-0;172;4.15348e-15;288;273;113;9945;1;582;569;50;114;186;76;176
0-0;172;4.20332e-15;272;254;95;10023;1;592;565;44;104;198;114;200
2-0;172;4.21597e-15;296;306;119;10043;1;588;564;41;103;189;87;182
0-0;173;4.20269e-15;290;255;97;10024;1;590;563;43;87;213;88;203
2-0;173;4.21597e-15;288;273;122;10043;1;586;562;40;98;185;111;185
3-0;173;3.59692e-15;280;303;105;9039;1;586;570;33;97;197;100;185
1-0;173;4.15411e-15;272;261;113;9945;1;580;567;51;115;192;102;192
1-0;174;4.15411e-15;258;276;112;9946;1;578;565;53;100;208;91;181
3-0;174;3.59692e-15;307;297;108;9039;1;584;568;32;90;184;92;184
2-0;174;4.21597e-15;294;289;121;10044;1;584;560;41;96;179;114;221
0-0;174;4.20395e-15;273;287;96;10024;1;588;560;44;107;188;68;214
3-0;175;3.59692e-15;273;295;109;9040;1;582;566;32;106;182;87;162
1-0;175;4.15474e-15;266;269;110;9946;1;576;563;56;101;204;103;182
0-0;175;4.20395e-15;253;285;96;10024;1;586;558;45;112;193;92;195
2-0;175;4.21597e-15;297;249;122;10044;1;582;557;41;94;213;79;223
0-0;176;4.20395e-15;261;281;96;10024;1;584;556;45;91;201;87;177
3-0;176;3.59752e-15;273;262;115;9040;1;580;565;29;89;187;104;168
1-0;176;4.15474e-15;256;251;114;9946;1;574;561;55;98;204;102;196
2-0;176;4.21597e-15;299;249;125;10044;1;580;555;40;94;193;88;183
0-0;177;4.20395e-15;254;280;95;10024;1;582;554;46;107;177;89;199
3-0;177;3.59752e-15;285;253;113;9041;1;578;563;31;92;187;71;180
2-0;177;4.21597e-15;294;245;122;10044;1;578;553;43;93;196;96;199
1-0;177;4.15474e-15;263;250;116;9946;1;572;559;54;93;188;93;176
2-0;178;4.21597e-15;289;244;121;10044;1;576;551;44;101;186;97;182
3-0;178;3.59812e-15;274;264;115;9042;1;576;561;30;93;167;94;181
0-0;178;4.20395e-15;267;295;96;10024;1;579;552;46;89;221;101;182
1-0;178;4.15474e-15;274;269;116;9947;1;570;556;55;84;166;67;199
1-0;179;4.15537e-15;282;280;116;9948;1;568;554;56;96;165;91;181
0-0;179;4.20395e-15;266;269;98;10024;1;577;550;45;86;188;98;178
2-0;179;4.21597e-15;301;276;122;10045;1;574;549;44;94;199;80;195
3-0;179;3.59872e-15;281;281;112;9042;1;574;559;33;93;173;92;186
0-0;180;4.20395e-15;287;270;100;10025;1;575;548;44;86;191;85;196
1-0;180;4.156e-15;261;283;120;9949;1;566;552;54;97;199;94;175
2-0;180;4.21724e-15;289;280;124;10045;1;572;547;43;100;205;89;173
3-0;180;3.59872e-15;278;279;109;9042;1;572;557;36;98;190;95;188
2-0;181;4.21724e-15;293;283;127;10046;1;570;545;42;83;193;80;172
0-0;181;4.20458e-15;286;279;101;10025;1;573;546;44;108;205;91;216
3-0;181;3.59872e-15;281;290;108;9042;1;570;555;37;81;191;98;202
1-0;181;4.15663e-15;267;295;119;9950;1;564;551;55;88;176;92;149
3-0;182;3.59872e-15;286;263;107;9042;1;568;553;38;79;184;107;186
1-0;182;4.15725e-15;284;251;116;9951;1;562;549;58;102;213;97;198
2-0;182;4.21787e-15;294;262;126;10046;1;568;543;43;100;176;95;195
0-0;182;4.20458e-15;268;254;102;10026;1;571;544;44;98;187;84;178
1-0;183;4.15788e-15;291;260;117;9951;1;560;547;58;90;174;87;184
0-0;183;4.20522e-15;259;265;103;10026;1;569;542;44;99;195;80;165
2-0;183;4.21787e-15;268;281;126;10046;1;566;541;43;86;178;93;191
3-0;183;3.59872e-15;279;274;108;9042;1;565;551;38;99;232;85;182
1-0;184;4.15788e-15;280;273;118;9952;1;558;545;58;87;173;93;176
3-0;184;3.59872e-15;252;248;107;9045;1;563;549;40;97;178;85;173
0-0;184;4.20522e-15;283;262;103;10026;1;567;540;45;95;167;90;182
2-0;184;4.21787e-15;295;272;124;10046;1;564;539;45;74;191;100;174
0-0;185;4.20522e-15;287;282;101;10026;1;565;538;47;91;167;83;209
3-0;185;3.60052e-15;259;278;106;9048;1;561;547;41;87;172;92;192
1-0;185;4.15851e-15;265;295;121;9954;1;556;543;57;86;197;84;196
2-0;185;4.21787e-15;287;296;123;10046;1;562;537;46;105;211;91;170
2-0;186;4.21787e-15;271;281;123;10047;1;560;535;47;97;186;93;208
0-0;186;4.20522e-15;313;266;101;10026;1;563;536;48;90;188;91;162
1-0;186;4.15977e-15;247;260;123;9955;1;554;541;58;94;188;102;192
3-0;186;3.60232e-15;301;293;108;9048;1;559;545;40;87;178;87;178
1-0;187;4.1604e-15;260;247;127;9956;1;552;538;56;92;187;77;214
0-0;187;4.20522e-15;275;286;103;10026;1;561;534;48;102;194;81;176
2-0;187;4.2185e-15;281;268;120;10047;1;558;533;50;87;194;92;187
3-0;187;3.60232e-15;293;293;110;9048;1;557;543;39;103;183;93;190
1-0;188;4.16103e-15;271;242;127;9956;1;550;536;58;89;174;98;199
2-0;188;4.2185e-15;280;269;122;10047;1;556;531;49;91;184;79;175
3-0;188;3.60232e-15;293;280;112;9049;1;555;541;39;84;164;101;203
0-0;188;4.20522e-15;260;285;103;10026;1;559;532;49;95;170;100;179
1-0;189;4.16103e-15;260;260;129;9957;1;549;534;57;99;163;88;208
0-0;189;4.20522e-15;255;271;103;10026;1;557;530;50;89;180;99;190
2-0;189;4.2185e-15;271;282;123;10047;1;554;529;49;93;176;88;203
3-0;189;3.60292e-15;289;291;113;9050;1;553;539;39;95;190;96;187
1-0;190;4.16166e-15;271;285;129;9958;1;547;532;58;79;168;72;184
0-0;190;4.20522e-15;291;279;105;10027;1;555;528;49;88;210;86;185
2-0;190;4.2185e-15;282;284;124;10048;1;552;527;49;88;162;100;191
3-0;190;3.60352e-15;269;277;114;9050;1;551;537;40;105;187;97;187
2-0;191;4.21914e-15;281;292;127;10048;1;550;525;49;94;183;86;165
0-0;191;4.20585e-15;268;298;109;10027;1;553;526;47;106;176;98;191
1-0;191;4.16229e-15;270;269;129;9958;1;545;530;59;89;178;93;189
3-0;191;3.60352e-15;261;280;114;9050;1;549;535;40;82;181;96;169
1-0;192;4.16229e-15;272;289;133;9958;1;543;528;58;93;186;78;167
2-0;192;4.21914e-15;276;286;131;10049;1;548;523;47;66;188;82;172
3-0;192;3.60352e-15;272;255;117;9050;1;547;534;39;89;201;104;155
0-0;192;4.20585e-15;284;282;111;10027;1;551;524;46;93;164;88;155
2-0;193;4.21977e-15;257;256;137;10049;1;547;521;44;99;148;89;177
1-0;193;4.16229e-15;286;299;139;9958;1;541;526;55;93;168;102;182
0-0;193;4.20585e-15;268;263;115;10027;1;549;522;44;86;179;97;194
3-0;193;3.60352e-15;274;234;117;9050;1;545;532;40;83;185;86;180
2-0;194;4.21977e-15;275;251;139;10050;1;545;519;44;87;182;89;163
3-0;194;3.60352e-15;274;249;119;9050;1;543;530;39;95;190;80;184
0-0;194;4.20585e-15;264;236;114;10027;1;548;521;45;109;163;90;139
1-0;194;4.16229e-15;297;298;140;9958;1;539;524;55;100;202;92;174
0-0;195;4.20585e-15;257;243;118;10027;1;546;519;43;89;200;84;154
1-0;195;4.16229e-15;275;284;143;9958;1;537;522;55;99;187;91;168
3-0;195;3.60352e-15;286;271;117;9051;1;541;528;41;87;154;89;171
2-0;195;4.2204e-15;230;257;138;10050;1;543;517;45;107;184;90;170
1-0;196;4.16229e-15;250;274;144;9958;1;535;520;56;79;162;82;168
3-0;196;3.60412e-15;273;258;115;9051;1;540;526;43;87;148;105;195
2-0;196;4.2204e-15;237;275;146;10051;1;541;515;41;76;191;88;199
0-0;196;4.20585e-15;271;227;120;10029;1;544;517;42;77;200;82;165
1-0;197;4.16229e-15;267;298;143;9958;1;533;518;58;95;170;86;168
2-0;197;4.22103e-15;253;280;151;10051;1;539;514;39;99;184;104;139
3-0;197;3.60412e-15;274;266;116;9054;1;538;524;43;84;176;69;176
0-0;197;4.20711e-15;292;244;124;10029;1;542;515;40;97;173;88;153
1-0;198;4.16229e-15;285;282;143;9959;1;531;517;59;77;195;103;162
0-0;198;4.20711e-15;267;268;122;10030;1;540;513;42;92;167;67;195
2-0;198;4.2204e-15;236;272;149;10052;1;537;512;41;104;170;84;188
3-0;198;3.60592e-15;263;265;116;9055;1;536;522;44;85;184;74;189
3-0;199;3.60653e-15;302;262;118;9056;1;534;520;43;86;159;73;195
2-0;199;4.22167e-15;246;259;151;10052;1;535;511;40;82;179;115;147
1-0;199;4.16229e-15;259;266;143;9961;1;529;515;60;94;169;83;168
0-0;199;4.20775e-15;269;260;122;10030;1;539;511;42;103;158;84;183
1-0;200;4.16419e-15;252;269;146;9961;1;528;513;59;94;153;87;161
3-0;200;3.60713e-15;283;253;119;9056;1;532;518;43;98;176;94;173
0-0;200;4.20775e-15;276;256;119;10031;1;536;509;45;90;229;90;166
2-0;200;4.22167e-15;241;277;150;10052;1;533;509;42;74;173;97;166
1-0;201;4.16419e-15;264;271;148;9962;1;526;511;59;100;179;74;166
0-0;201;4.20838e-15;287;274;121;10031;1;534;507;45;84;169;80;184
2-0;201;4.22167e-15;250;260;151;10052;1;531;507;42;78;188;85;183
3-0;201;3.60713e-15;267;241;120;9056;1;530;516;43;91;167;84;181
1-0;202;4.16419e-15;255;249;147;9962;1;524;509;60;88;184;92;178
0-0;202;4.20775e-15;267;268;129;10031;1;532;505;41;91;172;79;187
2-0;202;4.22167e-15;235;242;150;10054;1;529;505;43;85;192;92;167
3-0;202;3.60713e-15;254;252;121;9056;1;528;514;43;88;170;76;182
2-0;203;4.22293e-15;240;279;149;10054;1;527;503;44;89;157;69;155
3-0;203;3.60713e-15;232;231;124;9057;1;527;512;42;104;164;93;158
0-0;203;4.20838e-15;283;265;130;10032;1;530;503;41;71;176;81;191
1-0;203;4.16419e-15;282;230;149;9962;1;522;507;59;82;181;86;198
0-0;204;4.20901e-15;287;245;134;10033;1;528;501;39;92;165;101;188
1-0;204;4.16419e-15;259;239;148;9963;1;520;505;60;99;180;77;155
3-0;204;3.60773e-15;230;227;127;9058;1;525;510;42;70;183;76;165
2-0;204;4.22293e-15;256;266;148;10055;1;525;501;46;92;182;88;174
2-0;205;4.22357e-15;271;280;149;10055;1;524;499;46;101;144;89;169
1-0;205;4.16545e-15;253;243;149;9963;1;518;503;60;85;172;83;166
0-0;205;4.20964e-15;303;243;134;10033;1;526;499;40;95;175;78;152
3-0;205;3.60833e-15;261;236;130;9058;1;523;508;41;72;166;75;180
1-0;206;4.16545e-15;256;252;146;9963;1;516;501;63;86;156;79;162
2-0;206;4.22357e-15;260;257;148;10055;1;522;498;47;98;182;96;156
3-0;206;3.60773e-15;292;264;129;9058;1;521;506;42;88;162;80;159
0-0;206;4.20964e-15;287;240;134;10033;1;525;497;41;108;169;79;197
0-0;207;4.20964e-15;268;228;132;10034;1;523;495;43;89;179;82;157
2-0;207;4.22357e-15;263;267;149;10055;1;521;496;48;87;151;79;173
1-0;207;4.16545e-15;246;241;149;9963;1;514;499;62;97;193;102;184
3-0;207;3.60833e-15;282;263;127;9060;1;519;504;44;93;178;90;161
1-0;208;4.16545e-15;240;255;151;9963;1;512;497;62;70;171;77;153
2-0;208;4.22357e-15;281;253;153;10055;1;519;494;46;83;161;71;163
3-0;208;3.60953e-15;278;249;130;9060;1;517;502;43;90;184;78;178
0-0;208;4.21028e-15;256;212;131;10034;1;521;493;44;89;180;88;157
2-0;209;4.22357e-15;240;276;155;10056;1;518;492;45;98;162;67;159
3-0;209;3.60953e-15;270;259;129;9060;1;515;500;44;97;166;82;161
1-0;209;4.16545e-15;245;255;147;9965;1;510;495;66;65;163;76;154
0-0;209;4.21028e-15;270;248;128;10035;1;519;491;47;72;185;83;180
0-0;210;4.21091e-15;239;217;132;10035;1;518;490;45;109;168;98;162
2-0;210;4.2242e-15;232;269;151;10057;1;516;491;49;82;180;85;141
3-0;210;3.60953e-15;257;247;129;9060;1;514;499;44;96;160;107;161
1-0;210;4.16671e-15;233;262;154;9965;1;508;493;63;81;168;79;153
0-0;211;4.21091e-15;257;214;133;10038;1;516;488;45;76;165;72;177
3-0;211;3.60953e-15;241;239;131;9063;1;513;497;43;112;171;88;172
1-0;211;4.16671e-15;220;234;154;9966;1;506;491;64;91;161;82;163
2-0;211;4.22483e-15;253;267;153;10058;1;514;489;49;80;167;95;160
3-0;212;3.61133e-15;253;244;129;9064;1;511;495;45;73;181;80;188
0-0;212;4.21281e-15;258;237;133;10038;1;514;486;45;87;178;72;164
1-0;212;4.16734e-15;234;240;156;9966;1;504;489;63;86;178;88;192
2-0;212;4.22483e-15;248;275;154;10058;1;512;487;49;83;154;85;171
2-0;213;4.22483e-15;271;256;153;10059;1;510;485;50;94;175;76;167
3-0;213;3.61193e-15;243;245;130;9064;1;509;493;45;91;173;79;169
0-0;213;4.21281e-15;265;251;132;10038;1;512;484;47;68;166;77;173
1-0;213;4.16734e-15;234;230;157;9967;1;502;487;63;77;184;80;180
1-0;214;4.16797e-15;263;249;158;9968;1;500;485;64;75;160;89;163
2-0;214;4.2261e-15;270;249;154;10061;1;508;483;50;68;162;94;159
3-0;214;3.61193e-15;257;258;130;9064;1;507;491;45;72;176;80;183
0-0;214;4.21281e-15;259;238;131;10041;1;510;482;48;97;181;95;168
1-0;215;4.1686e-15;247;257;155;9968;1;499;483;68;94;149;79;152
2-0;215;4.22737e-15;257;235;157;10062;1;507;481;49;101;157;80;164
0-0;215;4.21471e-15;246;258;133;10041;1;508;481;47;88;172;96;155
3-0;215;3.61193e-15;260;255;131;9066;1;505;490;45;81;193;92;150
2-0;216;4.228e-15;265;235;161;10062;1;505;479;48;72;194;75;166
3-0;216;3.61313e-15;250;238;129;9066;1;503;488;47;90;187;81;149
0-0;216;4.21471e-15;254;249;133;10041;1;506;479;47;80;202;88;173
1-0;216;4.1686e-15;274;234;158;9968;1;497;481;68;80;149;75;162
2-0;217;4.228e-15;252;240;159;10063;1;504;477;50;100;155;75;158
3-0;217;3.61313e-15;231;258;129;9066;1;501;486;47;79;169;83;175
1-0;217;4.1686e-15;251;242;158;9968;1;495;480;68;85;163;76;135
0-0;217;4.21471e-15;246;271;129;10041;1;504;477;52;99;166;74;179
3-0;218;3.61313e-15;254;229;133;9067;1;499;485;46;67;177;85;133
2-0;218;4.22863e-15;266;246;160;10064;1;502;476;50;67;151;94;150
0-0;218;4.21471e-15;260;247;133;10042;1;502;475;51;81;159;78;176
1-0;218;4.1686e-15;236;252;157;9968;1;493;478;69;81;156;80;171
2-0;219;4.22927e-15;274;256;159;10064;1;500;474;52;90;163;92;160
3-0;219;3.61373e-15;276;233;140;9069;1;497;483;43;77;187;69;159
1-0;219;4.1686e-15;240;249;156;9968;1;491;476;71;73;172;81;147
0-0;219;4.21534e-15;237;235;136;10042;1;501;474;50;104;164;94;144
1-0;220;4.1686e-15;237;234;157;9969;1;489;474;71;81;179;76;178
3-0;220;3.61494e-15;252;221;140;9070;1;495;481;43;101;175;76;174
2-0;220;4.22927e-15;269;274;161;10066;1;499;472;51;95;160;79;164
0-0;220;4.21534e-15;244;255;140;10043;1;499;472;48;76;160;75;153
2-0;221;4.23053e-15;254;228;160;10066;1;498;470;53;93;131;89;176
3-0;221;3.61554e-15;241;230;139;9070;1;493;479;44;83;174;66;156
0-0;221;4.21597e-15;255;250;140;10043;1;497;471;48;95;168;91;136
1-0;221;4.16923e-15;236;235;157;9970;1;487;472;71;75;175;75;159
3-0;222;3.61554e-15;234;225;136;9071;1;491;478;47;73;164;79;141
1-0;222;4.16986e-15;239;233;157;9970;1;486;471;72;81;141;88;148
2-0;222;4.23053e-15;251;212;162;10067;1;496;468;53;86;160;70;167
0-0;222;4.21597e-15;252;259;143;10044;1;495;470;47;76;166;92;149
3-0;223;3.61614e-15;251;250;136;9072;1;490;476;47;75;130;75;154
1-0;223;4.16986e-15;240;237;156;9971;1;484;469;73;83;167;62;173
0-0;223;4.21597e-15;248;233;141;10046;1;493;468;49;96;164;75;163
2-0;223;4.23117e-15;238;235;166;10067;1;495;466;51;85;148;66;161
1-0;224;4.17049e-15;233;242;158;9971;1;482;467;73;76;165;86;161
3-0;224;3.61674e-15;234;242;135;9072;1;488;474;49;85;171;71;152
2-0;224;4.23117e-15;236;225;163;10067;1;493;464;54;86;187;83;148
0-0;224;4.21787e-15;248;252;140;10046;1;491;466;50;87;166;64;153
2-0;225;4.23117e-15;250;207;165;10067;1;491;462;53;73;156;79;169
3-0;225;3.61674e-15;211;239;136;9072;1;487;472;49;85;142;84;172
0-0;225;4.21787e-15;231;254;140;10046;1;489;464;51;90;158;94;162
1-0;225;4.17049e-15;206;224;164;9973;1;480;466;70;77;160;85;149
0-0;226;4.21787e-15;241;247;141;10048;1;488;462;51;78;141;71;157
1-0;226;4.17112e-15;204;221;169;9974;1;478;465;68;70;178;76;140
2-0;226;4.23117e-15;257;224;163;10067;1;489;460;55;84;154;68;145
3-0;226;3.61674e-15;233;236;140;9073;1;485;470;47;75;163;77;165
2-0;227;4.23117e-15;271;227;161;10067;1;487;459;58;89;167;83;143
1-0;227;4.17238e-15;199;231;167;9974;1;476;463;70;70;151;69;155
3-0;227;3.61734e-15;242;249;142;9074;1;483;468;46;81;164;64;164
0-0;227;4.21914e-15;262;242;142;10049;1;486;460;51;83;167;84;170
1-0;228;4.17238e-15;239;230;168;9974;1;474;461;70;72;149;81;166
2-0;228;4.23117e-15;236;265;159;10067;1;486;457;61;87;148;72;146
3-0;228;3.61794e-15;236;249;143;9075;1;481;466;46;70;175;72;140
0-0;228;4.21977e-15;249;217;141;10049;1;484;458;52;80;171;78;178
2-0;229;4.23117e-15;245;264;157;10067;1;484;456;63;82;152;81;128
3-0;229;3.61854e-15;209;241;147;9075;1;479;464;44;87;176;71;153
0-0;229;4.21977e-15;239;217;139;10049;1;482;456;54;91;175;84;161
1-0;229;4.17238e-15;259;228;167;9974;1;473;459;72;100;150;89;159
2-0;230;4.23117e-15;267;221;159;10067;1;482;455;62;81;152;87;145
1-0;230;4.17238e-15;237;228;169;9974;1;472;457;72;90;143;73;145
3-0;230;3.61854e-15;220;226;146;9076;1;477;462;45;62;157;70;165
0-0;230;4.21977e-15;224;211;135;10049;1;480;454;58;72;163;76;157
1-0;231;4.17238e-15;247;237;169;9974;1;470;455;73;95;168;74;177
0-0;231;4.21977e-15;237;212;137;10050;1;478;452;57;65;177;66;158
3-0;231;3.61914e-15;225;238;153;9078;1;475;460;42;72;141;67;146
2-0;231;4.23117e-15;253;217;160;10067;1;480;453;62;88;164;87;162
3-0;232;3.62035e-15;211;247;153;9079;1;474;458;43;82;146;69;154
2-0;232;4.23117e-15;240;231;164;10067;1;478;451;60;95;169;60;137
1-0;232;4.17238e-15;236;219;168;9975;1;468;453;74;81;162;76;151
0-0;232;4.2204e-15;233;212;136;10050;1;476;450;58;77;166;70;152
1-0;233;4.17301e-15;246;223;170;9975;1;466;452;74;71;162;80;128
3-0;233;3.62095e-15;219;239;159;9080;1;472;456;40;70;158;70;166
0-0;233;4.2204e-15;238;221;137;10050;1;474;448;58;81;157;69;145
2-0;233;4.23117e-15;246;234;163;10069;1;476;449;61;76;162;59;183
1-0;234;4.17301e-15;253;234;167;9976;1;464;450;77;72;144;57;141
3-0;234;3.62155e-15;248;234;160;9081;1;470;455;40;70;159;69;129
2-0;234;4.23244e-15;227;219;163;10070;1;474;447;63;90;163;88;165
0-0;234;4.2204e-15;239;231;138;10050;1;472;446;58;86;151;73;145
1-0;235;4.17364e-15;247;208;167;9977;1;463;448;78;85;143;72;154
2-0;235;4.23307e-15;242;207;161;10071;1;472;445;65;75;142;59;144
3-0;235;3.62215e-15;255;234;159;9084;1;468;453;41;71;158;82;155
0-0;235;4.2204e-15;242;227;140;10051;1;470;444;57;78;148;67;157
1-0;236;4.17427e-15;241;212;166;9978;1;462;446;79;88;145;72;141
2-0;236;4.2337e-15;258;215;166;10071;1;470;443;64;83;148;68;151
3-0;236;3.62396e-15;237;227;162;9084;1;466;451;41;83;149;77;155
0-0;236;4.22103e-15;250;250;139;10051;1;468;442;59;83;170;68;133
2-0;237;4.2337e-15;245;207;166;10072;1;468;442;64;86;155;78;142
0-0;237;4.2204e-15;223;244;136;10052;1;466;440;63;89;161;75;142
1-0;237;4.1749e-15;247;205;167;9978;1;460;444;79;83;166;71;150
3-0;237;3.62396e-15;231;229;167;9087;1;464;450;39;84;154;77;127
1-0;238;4.1749e-15;231;207;165;9980;1;459;442;81;79;144;72;150
3-0;238;3.62576e-15;253;236;166;9087;1;462;448;40;79;145;58;141
2-0;238;4.23434e-15;243;206;166;10072;1;466;440;64;90;161;67;145
0-0;238;4.22167e-15;223;233;137;10052;1;464;439;63;71;152;82;136
1-0;239;4.17617e-15;226;191;169;9983;1;457;441;79;86;170;86;149
2-0;239;4.23434e-15;246;183;169;10072;1;464;439;63;81;147;79;143
0-0;239;4.22167e-15;197;217;136;10052;1;462;437;64;78;162;82;157
3-0;239;3.62576e-15;239;229;162;9090;1;460;446;44;81;164;78;162
2-0;240;4.23434e-15;230;216;168;10073;1;462;437;64;81;152;55;153
0-0;240;4.22167e-15;231;205;136;10053;1;460;435;64;68;151;72;139
3-0;240;3.62757e-15;240;233;162;9090;1;458;444;45;83;160;76;150
1-0;240;4.17806e-15;224;212;168;9983;1;455;440;80;73;171;69;118
3-0;241;3.62757e-15;242;224;160;9093;1;456;443;47;84;159;89;151
2-0;241;4.23434e-15;231;202;167;10073;1;460;435;65;73;162;73;154
1-0;241;4.17806e-15;233;212;173;9984;1;453;438;78;61;171;75;147
0-0;241;4.2223e-15;232;208;136;10054;1;458;433;64;60;166;66;155
1-0;242;4.17869e-15;217;219;170;9984;1;452;437;81;87;132;80;143
0-0;242;4.22293e-15;225;208;139;10054;1;456;431;63;82;167;66;147
3-0;242;3.62937e-15;245;236;161;9093;1;455;441;47;81;138;80;151
2-0;242;4.23434e-15;237;230;176;10073;1;458;433;61;72;179;64;137
3-0;243;3.62937e-15;228;234;160;9093;1;453;439;49;78;168;67;133
2-0;243;4.23434e-15;236;252;177;10073;1;457;431;61;84;148;64;146
0-0;243;4.22293e-15;250;219;140;10054;1;454;429;64;69;136;62;151
1-0;243;4.17869e-15;209;250;174;9985;1;450;436;79;72;163;80;141
1-0;244;4.17932e-15;207;222;177;9985;1;448;434;78;74;152;87;164
3-0;244;3.62937e-15;236;213;160;9095;1;451;437;50;80;165;74;152
2-0;244;4.23434e-15;211;238;179;10075;1;455;430;60;67;157;88;125
0-0;244;4.22293e-15;223;225;137;10054;1;453;427;67;85;126;66;157
2-0;245;4.23624e-15;215;210;178;10075;1;453;428;61;74;144;71;159
1-0;245;4.17932e-15;199;215;183;9985;1;446;432;75;76;159;84;165
3-0;245;3.63058e-15;235;220;160;9096;1;450;435;50;84;142;76;154
0-0;245;4.22293e-15;218;188;143;10054;1;451;425;64;78;159;72;152
1-0;246;4.17932e-15;203;224;184;9986;1;444;430;75;71;147;75;140
3-0;246;3.63118e-15;234;208;159;9096;1;449;434;51;70;121;77;138
0-0;246;4.22293e-15;228;220;145;10054;1;449;423;64;58;172;51;135
2-0;246;4.23624e-15;235;217;176;10075;1;451;426;63;70;161;85;156
1-0;247;4.17995e-15;201;226;183;9987;1;442;429;76;60;125;81;139
2-0;247;4.23624e-15;247;208;175;10075;1;449;425;64;86;164;74;138
0-0;247;4.22293e-15;222;218;148;10054;1;447;421;63;86;160;64;141
3-0;247;3.63118e-15;214;213;159;9096;1;448;432;51;95;152;53;155
3-0;248;3.63118e-15;208;225;163;9096;1;446;430;49;74;143;74;160
0-0;248;4.22293e-15;230;207;148;10054;1;445;420;63;70;148;73;134
1-0;248;4.18058e-15;206;240;184;9989;1;441;427;76;67;125;66;147
2-0;248;4.23624e-15;238;207;179;10075;1;447;424;63;80;155;69;131
1-0;249;4.18184e-15;224;235;185;9989;1;439;425;76;75;159;75;150
0-0;249;4.22293e-15;206;205;146;10054;1;444;418;65;71;132;63;135
3-0;249;3.63118e-15;226;230;160;9097;1;444;429;52;65;135;73;135
2-0;249;4.23624e-15;241;189;178;10075;1;445;423;64;86;170;78;128
1-0;250;4.18184e-15;234;217;187;9989;1;437;424;75;67;165;68;130
3-0;250;3.63178e-15;213;202;161;9098;1;442;427;52;72;148;67;145
0-0;250;4.22293e-15;230;227;146;10056;1;442;416;66;71;151;61;141
2-0;250;4.23624e-15;252;187;180;10075;1;443;421;63;78;156;67;145
1-0;251;4.18184e-15;260;213;188;9989;1;435;422;75;71;139;69;140
0-0;251;4.2242e-15;224;204;147;10057;1;440;415;66;80;163;81;139
2-0;251;4.23624e-15;232;194;180;10076;1;442;419;63;78;129;57;131
3-0;251;3.63238e-15;213;193;158;9100;1;440;426;55;69;134;73;122
1-0;252;4.18184e-15;228;209;189;9990;1;434;420;76;78;132;57;144
3-0;252;3.63359e-15;212;192;158;9101;1;438;425;55;68;149;76;129
2-0;252;4.23687e-15;205;222;179;10078;1;441;417;64;93;134;56;158
0-0;252;4.22483e-15;202;198;147;10058;1;439;413;67;77;138;67;153
2-0;253;4.23814e-15;192;208;174;10079;1;439;415;69;69;143;77;167
3-0;253;3.63419e-15;242;219;160;9102;1;436;423;54;75;150;65;148
1-0;253;4.18248e-15;210;211;190;9991;1;432;418;76;76;146;70;149
0-0;253;4.22483e-15;229;225;147;10059;1;437;411;67;68;141;62;129
1-0;254;4.18311e-15;224;201;189;9994;1;430;417;77;65;133;85;134
2-0;254;4.23877e-15;189;182;172;10079;1;438;414;71;66;124;63;123
3-0;254;3.63479e-15;241;203;160;9103;1;434;421;55;70;142;75;156
0-0;254;4.2261e-15;198;224;150;10060;1;436;409;66;81;129;78;145
0-0;255;4.22673e-15;205;205;152;10060;1;434;407;65;68;138;59;143
3-0;255;3.63539e-15;202;213;161;9105;1;432;419;56;66;133;67;135
1-0;255;4.185e-15;229;204;189;9994;1;429;416;78;75;139;70;134
2-0;255;4.23877e-15;214;187;175;10081;1;436;413;70;70;149;67;116
1-0;256;4.185e-15;224;207;188;9994;1;427;415;79;77;156;79;136
2-0;256;4.24004e-15;230;196;173;10081;1;434;411;72;61;139;70;135
3-0;256;3.6366e-15;199;210;165;9106;1;430;418;54;66;143;68;132
0-0;256;4.22673e-15;199;189;153;10060;1;432;406;65;58;152;69;109
1-0;257;4.185e-15;222;186;187;9995;1;425;413;81;71;166;59;137
3-0;257;3.6372e-15;197;206;167;9106;1;428;417;53;62;177;69;133
2-0;257;4.24004e-15;217;225;178;10082;1;432;409;70;68;149;64;149
0-0;257;4.22673e-15;207;183;151;10061;1;430;404;67;67;153;69;139
1-0;258;4.18563e-15;210;190;184;9996;1;423;411;84;62;148;66;144
2-0;258;4.24068e-15;216;218;178;10083;1;430;408;72;73;140;79;123
0-0;258;4.22737e-15;203;193;152;10062;1;428;402;67;56;130;69;147
3-0;258;3.6372e-15;208;242;167;9106;1;426;416;53;61;149;72;118
2-0;259;4.24131e-15;220;200;176;10084;1;428;407;74;74;142;58;109
0-0;259;4.228e-15;211;203;152;10064;1;426;401;68;58;127;68;120
3-0;259;3.6372e-15;202;228;165;9108;1;424;415;56;82;152;88;147
1-0;259;4.18626e-15;200;196;184;9996;1;421;409;85;76;155;65;150
0-0;260;4.22927e-15;188;182;150;10064;1;425;400;71;78;127;77;130
3-0;260;3.6384e-15;181;224;165;9108;1;422;413;57;68;176;71;141
2-0;260;4.24194e-15;215;202;183;10086;1;426;406;71;70;161;62;114
1-0;260;4.18626e-15;206;187;186;9996;1;419;408;84;74;144;67;123
1-0;261;4.18626e-15;202;194;183;9996;1;417;407;87;71;148;56;98
3-0;261;3.6384e-15;200;226;163;9110;1;420;412;59;57;129;83;144
2-0;261;4.24321e-15;235;198;182;10086;1;424;404;72;57;132;60;134
0-0;261;4.22927e-15;206;206;152;10065;1;423;398;71;55;142;56;145
0-0;262;4.2299e-15;216;198;154;10065;1;422;396;70;80;135;57;139
1-0;262;4.18626e-15;226;195;185;9996;1;415;405;88;71;153;55;135
3-0;262;3.63961e-15;199;221;167;9110;1;419;411;57;76;139;82;146
2-0;262;4.24321e-15;232;188;180;10087;1;422;403;74;68;150;67;122
0-0;263;4.2299e-15;224;224;156;10066;1;420;394;69;66;142;66;135
2-0;263;4.24321e-15;220;203;178;10087;1;421;401;76;83;135;64;135
1-0;263;4.18626e-15;197;201;185;9997;1;414;404;88;81;123;62;113
3-0;263;3.63961e-15;207;204;165;9112;1;417;410;59;71;170;64;121
1-0;264;4.18689e-15;189;211;185;9997;1;412;402;89;78;152;59;126
2-0;264;4.24321e-15;192;210;176;10088;1;419;399;78;68;162;61;139
3-0;264;3.64081e-15;206;206;168;9113;1;415;409;58;69;161;78;130
0-0;264;4.23053e-15;219;237;156;10066;1;419;393;69;78;127;67;128
3-0;265;3.64142e-15;218;210;169;9115;1;414;408;58;63;117;71;131
1-0;265;4.18626e-15;190;189;190;9997;1;410;401;87;63;137;69;116
2-0;265;4.24448e-15;208;212;173;10089;1;417;397;81;73;141;53;143
0-0;265;4.23053e-15;208;214;156;10066;1;418;392;70;72;134;83;118
1-0;266;4.18689e-15;196;207;192;9997;1;409;399;87;68;107;60;140
2-0;266;4.24511e-15;206;216;173;10089;1;415;396;82;56;140;70;134
3-0;266;3.64262e-15;218;217;168;9115;1;413;406;59;77;137;52;129
0-0;266;4.23053e-15;223;195;157;10066;1;416;391;70;66;147;76;135
1-0;267;4.18626e-15;174;210;197;9998;1;407;397;85;67;134;68;156
3-0;267;3.64262e-15;237;213;168;9118;1;411;404;60;68;144;59;138
0-0;267;4.23053e-15;209;187;154;10066;1;415;389;73;79;137;61;132
2-0;267;4.24511e-15;200;204;176;10089;1;413;394;82;60;134;61;154
1-0;268;4.18753e-15;192;197;203;10001;1;405;396;83;64;138;83;115
2-0;268;4.24511e-15;174;207;179;10090;1;412;393;81;83;147;72;122
0-0;268;4.23053e-15;206;195;154;10066;1;413;387;73;74;141;60;130
3-0;268;3.64443e-15;227;205;164;9119;1;409;403;64;78;144;73;133
1-0;269;4.18942e-15;208;181;204;10001;1;403;395;83;51;145;72;130
3-0;269;3.64503e-15;247;210;166;9119;1;408;401;64;78;128;62;135
2-0;269;4.24575e-15;165;211;179;10090;1;411;391;82;73;131;58;130
0-0;269;4.23053e-15;205;187;155;10067;1;411;386;73;83;151;74;119
2-0;270;4.24511e-15;174;199;180;10091;1;409;389;82;67;160;58;126
1-0;270;4.18942e-15;186;168;206;10001;1;402;394;82;80;138;75;115
3-0;270;3.64503e-15;245;187;172;9120;1;407;400;61;74;137;68;132
0-0;270;4.23117e-15;206;184;154;10067;1;409;384;74;76;151;56;149
2-0;271;4.24638e-15;189;205;182;10091;1;407;387;82;65;135;65;130
1-0;271;4.18942e-15;187;176;207;10002;1;401;392;82;67;126;60;134
3-0;271;3.64563e-15;209;191;172;9122;1;406;398;62;81;143;65;140
0-0;271;4.23117e-15;208;172;154;10068;1;407;383;74;68;137;59;121
2-0;272;4.24638e-15;201;217;181;10092;1;406;385;83;64;128;50;117
1-0;272;4.19005e-15;170;184;210;10004;1;399;390;81;69;136;56;152
3-0;272;3.64684e-15;198;193;171;9124;1;404;396;63;63;136;61;130
0-0;272;4.23117e-15;211;193;158;10069;1;405;381;72;56;150;63;132
1-0;273;4.19131e-15;174;202;209;10005;1;397;388;82;61;130;49;127
2-0;273;4.24702e-15;212;206;188;10093;1;405;383;80;71;126;63;134
3-0;273;3.64805e-15;208;192;174;9127;1;402;394;62;55;123;58;133
0-0;273;4.23244e-15;222;197;159;10069;1;403;380;72;65;144;67;115
1-0;274;4.19195e-15;199;180;213;10005;1;395;387;81;49;127;68;111
0-0;274;4.23244e-15;193;193;157;10069;1;401;378;74;68;150;79;146
2-0;274;4.24765e-15;216;198;194;10094;1;403;381;77;71;150;64;140
3-0;274;3.64985e-15;201;194;177;9127;1;401;393;61;78;138;65;115
2-0;275;4.24829e-15;204;189;193;10096;1;401;379;79;63;139;69;138
0-0;275;4.23244e-15;180;193;161;10069;1;399;376;72;64;139;60;136
1-0;275;4.19195e-15;194;171;214;10006;1;393;386;81;75;157;67;113
3-0;275;3.64985e-15;203;191;178;9129;1;400;391;62;69;126;60;127
3-0;276;3.65106e-15;180;189;179;9132;1;398;390;62;75;142;61;112
1-0;276;4.19258e-15;177;172;216;10007;1;391;385;81;59;124;73;135
2-0;276;4.24956e-15;204;176;191;10096;1;400;378;81;76;137;75;113
0-0;276;4.23244e-15;205;192;161;10069;1;398;374;73;69;127;56;128
1-0;277;4.19321e-15;164;186;220;10010;1;390;383;80;80;128;54;125
3-0;277;3.65287e-15;178;180;183;9133;1;396;388;60;58;128;61;139
2-0;277;4.24892e-15;206;191;192;10096;1;398;377;81;64;146;63;119
0-0;277;4.23244e-15;212;212;162;10072;1;396;372;73;56;127;58;140
1-0;278;4.1951e-15;172;176;219;10010;1;388;382;81;52;129;61;125
3-0;278;3.65347e-15;198;192;184;9133;1;394;386;61;56;138;63;131
0-0;278;4.2337e-15;230;200;168;10072;1;395;370;70;84;143;59;130
2-0;278;4.24956e-15;185;176;191;10097;1;397;376;82;71;122;73;117
1-0;279;4.1951e-15;166;187;222;10010;1;386;380;80;59;126;66;131
2-0;279;4.25019e-15;201;168;191;10097;1;396;374;83;75;114;49;131
3-0;279;3.65347e-15;192;196;182;9133;1;393;384;63;69;124;54;157
0-0;279;4.23434e-15;185;199;168;10073;1;394;369;71;81;139;67;104
1-0;280;4.1951e-15;194;208;219;10010;1;385;378;83;61;119;65;131
0-0;280;4.23434e-15;167;187;165;10074;1;393;368;74;66;114;63;123
3-0;280;3.65347e-15;212;174;184;9136;1;392;383;62;70;130;79;132
2-0;280;4.25019e-15;197;199;192;10097;1;394;372;83;60;125;49;117
3-0;281;3.65528e-15;206;189;186;9139;1;391;382;61;66;122;64;123
1-0;281;4.1951e-15;179;203;218;10012;1;384;376;84;71;126;65;132
2-0;281;4.25019e-15;200;217;190;10097;1;393;371;85;75;114;60;123
0-0;281;4.2356e-15;175;196;164;10075;1;391;367;75;66;138;63;108
0-0;282;4.23624e-15;205;183;168;10077;1;390;365;73;59;120;57;127
1-0;282;4.19637e-15;161;187;216;10014;1;383;375;86;75;97;66;120
3-0;282;3.65709e-15;206;192;186;9139;1;389;381;62;59;126;65;129
2-0;282;4.25019e-15;201;192;195;10097;1;391;369;83;59;124;61;142
1-0;283;4.19763e-15;160;179;218;10015;1;381;374;85;70;151;52;106
0-0;283;4.23751e-15;210;185;165;10077;1;388;364;76;59;135;62;125
3-0;283;3.65709e-15;204;208;187;9140;1;388;380;63;75;126;77;135
2-0;283;4.25019e-15;217;183;193;10098;1;390;368;85;77;127;53;110
1-0;284;4.19826e-15;189;174;222;10015;1;379;372;84;60;127;48;139
0-0;284;4.23751e-15;189;171;167;10078;1;387;362;76;73;118;62;136
2-0;284;4.25082e-15;203;177;193;10098;1;389;367;86;82;121;56;113
3-0;284;3.6577e-15;206;175;190;9140;1;386;378;63;59;133;65;140
2-0;285;4.25082e-15;208;199;193;10100;1;388;366;86;65;126;60;112
0-0;285;4.23751e-15;205;174;169;10078;1;385;361;77;57;124;47;105
1-0;285;4.19826e-15;167;169;222;10016;1;378;370;85;71;132;66;132
3-0;285;3.6577e-15;216;180;192;9140;1;384;376;62;52;130;55;128
1-0;286;4.1989e-15;187;170;221;10018;1;376;368;86;62;127;59;125
2-0;286;4.25209e-15;219;192;194;10100;1;386;365;87;53;150;59;115
3-0;286;3.6577e-15;209;190;191;9142;1;383;375;63;62;119;63;100
0-0;286;4.23751e-15;215;185;172;10078;1;384;359;76;66;127;51;118
1-0;287;4.20016e-15;189;183;221;10019;1;375;366;87;66;129;49;138
0-0;287;4.23751e-15;188;186;174;10078;1;383;357;76;61;114;53;126
3-0;287;3.6589e-15;190;185;191;9144;1;382;374;64;82;140;66;118
2-0;287;4.25146e-15;204;203;196;10101;1;384;364;86;63;133;59;117
1-0;288;4.20079e-15;171;173;225;10020;1;374;364;85;72;125;60;131
0-0;288;4.23751e-15;214;186;175;10079;1;382;356;76;56;119;62;116
3-0;288;3.66011e-15;192;215;194;9144;1;380;372;64;63;144;51;125
2-0;288;4.25273e-15;197;186;200;10101;1;382;363;85;71;146;64;124
3-0;289;3.66011e-15;194;202;197;9145;1;379;370;64;63;123;67;137
2-0;289;4.25273e-15;197;188;198;10102;1;380;362;87;56;132;76;120
0-0;289;4.23877e-15;200;172;182;10079;1;381;355;73;67;101;65;121
1-0;289;4.20142e-15;163;162;230;10021;1;372;363;83;45;123;65;128
1-0;290;4.20206e-15;183;188;228;10022;1;370;361;85;56;133;54;132
0-0;290;4.23877e-15;194;187;183;10079;1;379;354;73;48;146;63;125
2-0;290;4.25273e-15;196;165;197;10102;1;379;361;88;60;120;64;120
3-0;290;3.66071e-15;195;193;202;9146;1;378;369;62;64;116;77;130
1-0;291;4.20206e-15;181;188;235;10022;1;368;360;82;67;134;74;109
2-0;291;4.25273e-15;212;157;198;10102;1;378;360;88;64;126;65;116
0-0;291;4.23877e-15;195;195;182;10080;1;378;353;74;63;113;66;120
3-0;291;3.66132e-15;201;189;201;9148;1;376;367;63;73;143;64;129
2-0;292;4.25273e-15;183;193;195;10102;1;377;358;91;70;121;61;128
1-0;292;4.20206e-15;181;173;238;10022;1;367;359;81;56;111;67;127
0-0;292;4.23941e-15;217;173;183;10081;1;377;351;74;73;123;62;128
3-0;292;3.66252e-15;203;195;201;9150;1;375;366;64;70;108;63;111
3-0;293;3.66373e-15;192;171;201;9150;1;374;365;65;72;124;65;117
0-0;293;4.24004e-15;188;176;186;10081;1;376;349;73;80;136;50;131
2-0;293;4.25273e-15;181;191;198;10104;1;375;357;90;62;128;69;113
1-0;293;4.20206e-15;203;176;237;10024;1;366;357;83;65;104;58;123
1-0;294;4.20395e-15;198;189;238;10025;1;365;355;83;59;118;45;136
2-0;294;4.25463e-15;196;188;199;10106;1;374;356;90;67;129;66;116
0-0;294;4.24004e-15;190;181;186;10083;1;374;347;73;52;123;53;137
3-0;294;3.66313e-15;188;179;199;9150;1;373;364;67;83;112;61;120
3-0;295;3.66373e-15;204;183;203;9150;1;372;362;65;55;107;52;120
0-0;295;4.24131e-15;188;167;186;10083;1;373;346;74;70;120;61;114
1-0;295;4.20458e-15;194;206;240;10025;1;364;354;83;66;102;57;109
2-0;295;4.2559e-15;200;176;200;10108;1;373;355;90;58;110;71;105
1-0;296;4.20458e-15;186;215;244;10025;1;362;353;82;68;137;62;120
2-0;296;4.25717e-15;195;149;202;10108;1;371;353;90;61;128;59;124
3-0;296;3.66313e-15;190;172;208;9150;1;370;360;63;55;126;57;129
0-0;296;4.24131e-15;183;188;185;10083;1;372;344;75;62;108;50;119
0-0;297;4.24131e-15;181;182;183;10083;1;370;343;77;57;129;60;110
3-0;297;3.66373e-15;178;165;209;9151;1;369;358;63;68;120;50;138
2-0;297;4.25717e-15;182;164;203;10108;1;369;352;91;68;138;55;118
1-0;297;4.20458e-15;180;208;243;10028;1;360;352;83;64;137;74;133
1-0;298;4.20648e-15;167;219;245;10030;1;359;351;83;73;101;65;117
3-0;298;3.66434e-15;178;169;209;9152;1;367;356;64;56;127;54;127
0-0;298;4.24131e-15;157;176;184;10085;1;368;342;77;44;113;52;96
2-0;298;4.25717e-15;180;179;203;10108;1;367;351;91;56;127;59;117
3-0;299;3.66494e-15;211;162;208;9154;1;366;354;66;60;114;57;123
1-0;299;4.20775e-15;189;216;254;10030;1;358;349;79;57;111;53;123
0-0;299;4.24258e-15;155;192;186;10086;1;367;340;76;57;109;46;129
2-0;299;4.25717e-15;173;174;203;10108;1;366;350;92;67;113;63;102
